"id","Title"
"6639c043647e53b594533c9d","ACM Information Technology Education"
"6639c02c647e53b594533c85","International Conference on Advanced Communications and Computation"
"6639c033647e53b594533c8d","ACM Conference on Applications, Technologies, Architectures, and Protocols for Computer Communication"
"6639c03c647e53b594533c95","ACM Conference on Embedded Networked Sensor Systems"
"6639c048647e53b594533ca3","ACM International Conference on Emerging Networking Experiments and Technologies"
"6639c075647e53b594533cd5","ACM Special Interest Group on Management of Data Conference"
"6639c079647e53b594533cd9","ACM Symposium on Access Control Models and Technologies (previously ACM Workshop on Role-Based Access Control, RBAC, changed in 2000)"
"6639c081647e53b594533ce1","ACM Symposium on Principles of Distributed Computing"
"6639c1686e0c3f3fe99c55fd","ACM-SIGRAPH Interactive 3D Graphics and Games"
"6639c16e6e0c3f3fe99c5603","ACM/IEEE International Conference on Modelling, Analysis and Simulation of Wireless and Mobile Systems"
"6639c1706e0c3f3fe99c5605","ACM/IEEE Symposium on Edge Computing"
"6639c1736e0c3f3fe99c5609","ACM/SIAM Symposium on Discrete Algorithms"
"6639c04c647e53b594533ca7","ACM International Conference on Interactive Surfaces and Spaces (was International Workshop on Horizontal Interactive Human-Computer Systems: Tabletop)"
"6639c04d647e53b594533ca9","ACM International Conference on Knowledge Discovery and Data Mining"
"6639c05e647e53b594533cbb","ACM International Symposium on High Performance Distributed Computing"
"6639c060647e53b594533cbd","ACM International Wireless Communications and Mobile Computing Conference"
"6639c061647e53b594533cbf","ACM Multimedia"
"6639c063647e53b594533cc1","ACM SIG International Conference on Computer Graphics and Interactive Techniques"
"6639c07d647e53b594533cdd","ACM Symposium on Document Engineering"
"6639c03f647e53b594533c99","ACM Conference on Object Oriented Programming Systems Languages and Applications"
"6639c030647e53b594533c89","AAAI Conference on Human Computation and Crowdsourcing"
"6639c045647e53b594533c9f","ACM International Conference on Advances in Computer Entertainment (merged with DIMEA, Digital Interactive Media in Entertainment and Arts, in 2009)"
"6639c065647e53b594533cc3","ACM SIGGRAPH/Eurographics Symposium on Computer Animation"
"6639c06b647e53b594533cc9","ACM SIGOPS Symposium on Operating Systems Principles"
"6639c06d647e53b594533ccb","ACM SIGPLAN Conference on Languages, Tools, and Compilers for Embedded Systems"
"6639c070647e53b594533ccf","ACM SIGSIM Conference on Principles of Advanced Discrete Simulation (was Parallel and Distributed Simulation)"
"6639c072647e53b594533cd1","ACM SIGUCCS Conference on User Services"
"6639c084647e53b594533ce5","ACM Symposium on Theory of Computing"
"6639c1626e0c3f3fe99c55f7","ACM Workshop on Hot Topics in Networks"
"6639c1666e0c3f3fe99c55fb","ACM-SIGPLAN Conference on Programming Language Design and Implementation"
"6639c1796e0c3f3fe99c560f","Advanced Concepts for Intelligent Vision Systems"
"6639c038647e53b594533c91","ACM Conference on Computer Supported Cooperative Work"
"6639c04a647e53b594533ca5","ACM International Conference on Information and Knowledge Management"
"6639c053647e53b594533caf","ACM International Conference on Research and Development in Information Retrieval"
"6639c055647e53b594533cb1","ACM International Conference on Supercomputing"
"6639c059647e53b594533cb5","ACM International Conference on Web Search and Data Mining"
"6639c05a647e53b594533cb7","ACM International Joint Conference on Pervasive and Ubiquitous Computing (PERVASIVE and UbiComp combined from 2013)"
"6639c06e647e53b594533ccd","ACM SIGPLAN Workshop on Partial Evaluation and Program Manipulation"
"6639c16c6e0c3f3fe99c5601","ACM/IEEE International Conference on Human-Robot Interaction"
"6639c02e647e53b594533c87","International Conference on Ambient Systems, Networks and Technologies"
"6639c031647e53b594533c8b","ACIS Conference on Software Engineering Research, Management and Applications"
"6639c03a647e53b594533c93","ACM Conference on Economics and Computation"
"6639c035647e53b594533c8f","ACM Conference on Computer and Communications Security"
"6639c069647e53b594533cc7","ACM SIGMOD-SIGACT-SIGART Conference on Principles of Database Systems"
"6639c073647e53b594533cd3","ACM Special Interest Group on Computer Science Education Conference"
"6639c077647e53b594533cd7","ACM Special Interest Group on Supporting Group Work (was SIGGRoup)"
"6639c1606e0c3f3fe99c55f5","ACM Virtual Reality Software and Technology"
"6639c1756e0c3f3fe99c560b","ACM/SPEC International Conference on Performance Engineering"
"6639c03e647e53b594533c97","ACM Conference on Embedded Software"
"6639c04f647e53b594533cab","ACM International Conference on Mobile Computing and Networking"
"6639c16a6e0c3f3fe99c55ff","ACM/IEEE International Conference on Distributed Smart Cameras"
"6639c1716e0c3f3fe99c5607","ACM/IFIP/USENIX International Middleware Conference"
"6639c05c647e53b594533cb9","ACM International Symposium on Computer Architecture"
"6639c083647e53b594533ce3","ACM Symposium on Solid and Physical Modelling"
"6639c15e6e0c3f3fe99c55f3","ACM Symposium on User Interface Software and Technology"
"6639c1646e0c3f3fe99c55f9","ACM-SIGACT Symposium on Principles of Programming Languages"
"6639c1776e0c3f3fe99c560d","ACS/IEEE International Conference on Computer Systems and Applications"
"6639c041647e53b594533c9b","ACM Conference on Security and Privacy in Wireless and Mobile Networks"
"6639c046647e53b594533ca1","ACM International Conference on Advances in Geographic Information Systems"
"6639c051647e53b594533cad","ACM International Conference on Recommender Systems"
"6639c057647e53b594533cb3","ACM International Conference on the Foundations of Software Engineering (was ESEC/FSE, changed 2024; duplicate previously listed as ESEC, removed from DB)"
"6639c067647e53b594533cc5","ACM SIGMOBILE International Conference on Mobile Systems, Applications and Services"
"6639c07b647e53b594533cdb","ACM Symposium on Applied Computing"
"6639c07f647e53b594533cdf","ACM Symposium on Mobile Ad Hoc Networking and Computing"
"6639c17b6e0c3f3fe99c5611","Advanced Visual Interfaces"
"6639c1886e0c3f3fe99c561f","Annual Computer Security Applications Conference"
"6639c17e6e0c3f3fe99c5615","Advances in Modal Logic"
"6639c19d6e0c3f3fe99c5635","Architectural Support for Programming Languages and Operating Systems"
"6639c2594931f50e65517e1f","Association for Computer-Aided Architectural Design Research in Asia (CAADRIA) annual conference"
"6639c26b4931f50e65517e31","Australasian Language Technology Workshop"
"6639c2784931f50e65517e3f","Automation of Software Test"
"6639c1916e0c3f3fe99c5629","Annual Meeting of the Cognitive Science Society"
"6639c19c6e0c3f3fe99c5633","Applied Computing Conference"
"6639c19f6e0c3f3fe99c5637","Artificial Intelligence Applications and Innovations"
"6639c1ad6e0c3f3fe99c5645","Asia Pacific Symposium on Intelligent and Evolutionary Systems (was Australia-Japan Joint Workshop on Intelligent and Evolutionary Systems)"
"6639c1b66e0c3f3fe99c564f","Asia-Pacific Software Engineering Conference"
"6639c2514931f50e65517e17","Asian Conference on Machine Learning"
"6639c25d4931f50e65517e23","Australasian Combinatorics Conference"
"6639c1856e0c3f3fe99c561b","Algorithms and Data Structures Symposium (was Workshop on Algorithms and Data Structures)"
"6639c17c6e0c3f3fe99c5613","Advances in Cryptology"
"6639c1866e0c3f3fe99c561d","American Medical Informatics Annual Fall Symposium"
"6639c18c6e0c3f3fe99c5623","Annual Conference on Innovation and Technology in Computer Science Education"
"6639c1976e0c3f3fe99c562f","Applications of Information Visualization"
"6639c1a16e0c3f3fe99c5639","Artificial Intelligence in Medicine in Europe"
"6639c26d4931f50e65517e33","Australasian Speech Science and Technology"
"6639c1816e0c3f3fe99c5617","Advances in Neural Information Processing Systems (was NIPS)"
"6639c18f6e0c3f3fe99c5627","Annual International Workshop on Presence"
"6639c19a6e0c3f3fe99c5631","Applications of Natural Language to Data Bases"
"6639c1ae6e0c3f3fe99c5647","Asia-Pacific Bioinformatics Conference"
"6639c1b06e0c3f3fe99c5649","Asia-Pacific Conference on Conceptual Modelling"
"6639c27b4931f50e65517e43","British Computer Society Conference on Human-Computer Interaction"
"6639c27d4931f50e65517e45","British Machine Vision Conference"
"6639c2814931f50e65517e49","Cologne-Twente Workshop on Graphs and Combinatorial Optimization"
"6639c18a6e0c3f3fe99c5621","Annual Conference on Computer Science Logic"
"6639c18d6e0c3f3fe99c5625","Annual Conference on Privacy, Security and Trust"
"6639c1a66e0c3f3fe99c563f","Asia Conference on Information, Computer and Communications Security"
"6639c1aa6e0c3f3fe99c5643","Asia Pacific Conference on Communications"
"6639c25b4931f50e65517e21","Australasian Computing Education Conference (ACE)"
"6639c2704931f50e65517e37","Australian Computer Human Interaction Conference"
"6639c27a4931f50e65517e41","Body Sensor Networks"
"6639c1956e0c3f3fe99c562d","Application of Concurrency to System Design"
"6639c1b46e0c3f3fe99c564d","Asia-Pacific Services Computing Conference"
"6639c1b76e0c3f3fe99c5651","Asian Conference on Computer Vision"
"6639c1ba6e0c3f3fe99c5653","Asian Conference on Intelligent Information and Database Systems"
"6639c2534931f50e65517e19","ASIAN Symposium on Programming Languages and Systems"
"6639c2554931f50e65517e1b","Asilomar Conference on Signals, Systems and Computing"
"6639c25f4931f50e65517e25","Australasian Conference on Information Security and Privacy"
"6639c2634931f50e65517e29","Australasian Database Conference"
"6639c2664931f50e65517e2d","Australasian Information Security Conference"
"6639c2764931f50e65517e3d","Automated Software Engineering Conference"
"6639c2894931f50e65517e51","Computer Aided Verification"
"6639c1836e0c3f3fe99c5619","Algorithmic Learning Theory"
"6639c1936e0c3f3fe99c562b","Annual Meeting of the Special Interest Group on Discourse and Dialog"
"6639c1a36e0c3f3fe99c563b","ArtsIT, Interactivity & Game Creation (was International Conference on Arts and Technology)"
"6639c2654931f50e65517e2b","Australasian Document Computing Symposium"
"6639c2684931f50e65517e2f","Australasian Joint Conference on Artificial Intelligence"
"6639c2724931f50e65517e39","Australian Data Mining Conference"
"6639c2744931f50e65517e3b","Australian Institute of Computer Ethics Conference"
"6639c27f4931f50e65517e47","CHI PLAY: The Annual Symposium on Computer-Human Interaction in Play"
"6639c2834931f50e65517e4b","Combinatorial Pattern Matching"
"6639c1a56e0c3f3fe99c563d","Asia and South Pacific Design Automation Conference"
"6639c1a86e0c3f3fe99c5641","Asia Information Retrieval Symposium"
"6639c1b26e0c3f3fe99c564b","Asia-Pacific Network Operations and Management Symposium"
"6639c2574931f50e65517e1d","Association for Computational Linguistics"
"6639c2614931f50e65517e27","Australasian Conference on Robotics and Automation"
"6639c26f4931f50e65517e35","Australasian Symposium on Parallel and Distributed Computing (was AusGrid)"
"6639c2854931f50e65517e4d","Computability in Europe: Logic and Theory of Algorithms"
"6639c2874931f50e65517e4f","Computational Intelligence in Security for Information Systems"
"6639c28d4931f50e65517e55","Computer Animation, Information Visualisation, and Digital Effects"
"6639c2984931f50e65517e5f","Conference in Uncertainty in Artificial Intelligence"
"6639c2934931f50e65517e5b","Computer Supported Collaborative Learning"
"6639c2914931f50e65517e59","Computer Sciences and Information Technologies"
"6639c2a04931f50e65517e67","Conference of the European Society for Fuzzy Logic and Technologies"
"6639c39ebf0a76d1ef717bc1","Conference on Security and Cryptography for Networks"
"6639c3b5bf0a76d1ef717bd9","Designing Interactive Systems"
"6639c3bdbf0a76d1ef717be1","Digital Games Research Conference"
"6639c3c8bf0a76d1ef717bed","EMAS (merger of DALT, AOSE and PROMAS)"
"6639c29a4931f50e65517e61","Conference of the Association for Machine Translation in the Americas"
"6639c389bf0a76d1ef717bab","Conference on File and Storage Technologies"
"6639c29e4931f50e65517e65","Conference of the European Association for Machine Translation"
"6639c380bf0a76d1ef717ba1","Conference on Algebra and Coalgebra in Computer Science"
"6639c382bf0a76d1ef717ba3","Conference on Algorithmic Aspects in Information and Management"
"6639c387bf0a76d1ef717ba9","CONFERENCE ON COMPUTER SCIENCE AND INTELLIGENCE SYSTEMS"
"6639c391bf0a76d1ef717bb3","Conference on Innovation in Clouds, Internet and Networks"
"6639c395bf0a76d1ef717bb7","Conference on Integer Programming and Combinatorial Optimization"
"6639c3acbf0a76d1ef717bcf","Current Trends in Theory and Practice of Computer Science"
"6639c3b3bf0a76d1ef717bd7","Design, Automation and Test in Europe Conference"
"6639c3bbbf0a76d1ef717bdf","Digital Audio Effects Conference"
"6639c3c4bf0a76d1ef717be9","Dynamic Languages Symposium"
"6639c3cdbf0a76d1ef717bf3","ETHICOMP Conference"
"6639c2964931f50e65517e5d","Conference for the International Simulation and Gaming Association"
"6639c38dbf0a76d1ef717baf","Conference on Games (was Computational Intelligence and Games CIG)"
"6639c393bf0a76d1ef717bb5","Conference on Innovative Data Systems Research"
"6639c3c2bf0a76d1ef717be7","DNA Computing and Molecular Programming"
"6639c3d1bf0a76d1ef717bf7","Euro Virtual Reality"
"6639c384bf0a76d1ef717ba5","Conference on Combinatorial Optimization and Applications"
"6639c38fbf0a76d1ef717bb1","Conference on Information Sciences and Systems"
"6639c399bf0a76d1ef717bbb","Conference on Interactive Theorem Proving (previously TPHOLs, changed in 2009)"
"6639c3a2bf0a76d1ef717bc5","Conference on Software in Telecommunications and Computer Networks"
"6639c3a7bf0a76d1ef717bc9","Conference on Visualization and Data Analysis"
"6639c3b2bf0a76d1ef717bd5","Datenbanksysteme f√ºr Business, Technologie und Web"
"6639c3c0bf0a76d1ef717be5","Discovery Science"
"6639c3c6bf0a76d1ef717beb","Educational Data Mining"
"6639c482078f0b3454c91b7e","Eurographics/IEEE Symposium on Visualization"
"6639c484078f0b3454c91b80","Euromicro Conference on Real-Time Systems"
"6639c37bbf0a76d1ef717b9d","Conference of the Pacific Association for Computational Linguistics"
"6639c38bbf0a76d1ef717bad","Conference on Fun with Algorithms"
"6639c397bf0a76d1ef717bb9","Conference on Intelligent Computer Mathematics"
"6639c39cbf0a76d1ef717bbf","Conference on Robot Learning"
"6639c39fbf0a76d1ef717bc3","Conference on Software Engineering Education and Training (previously Conference is Software Engineering Education, CSEE, changed in 1997)"
"6639c3abbf0a76d1ef717bcd","Cryptographers Track at RSA Conference"
"6639c3aebf0a76d1ef717bd1","Data Compression Conference"
"6639c3b9bf0a76d1ef717bdd","Developments in Language Theory"
"6639c3cfbf0a76d1ef717bf5","EURO AMERICAN CONFERENCE ON TELEMATICS AND INFORMATION SYSTEMS"
"6639c3d6bf0a76d1ef717bfb","Eurographics Symposium on Parallel Graphics and Visualization"
"6639c48b078f0b3454c91b86","European Association for Computational Linguistics"
"6639c28b4931f50e65517e53","Computer Algebra in Scientific Computing"
"6639c28f4931f50e65517e57","Computer Graphics International"
"6639c37ebf0a76d1ef717b9f","Conference on Agile Software Development"
"6639c386bf0a76d1ef717ba7","Conference on Computational Natural Language Learning"
"6639c3b0bf0a76d1ef717bd3","Data Warehousing and Knowledge Discovery"
"6639c3b7bf0a76d1ef717bdb","Developments in eSystems Engineering"
"6639c3bfbf0a76d1ef717be3","Digital Image Computing Techniques and Applications"
"6639c3cabf0a76d1ef717bef","Empirical Methods in Natural Language Processing"
"6639c3cbbf0a76d1ef717bf1","Engineering Interactive Computing Systems"
"6639c3d3bf0a76d1ef717bf9","EuroConference on Combinatorics, Graph Theory and Applications"
"6639c487078f0b3454c91b82","Euromicro Conference on Software Engineering and Advanced Applications"
"6639c489078f0b3454c91b84","Euromicro International Conference on Parallel, Distributed and Network Based Processing"
"6639c29c4931f50e65517e63","Conference of the Association of Asian-Pacific Operational Research Societies"
"6639c39abf0a76d1ef717bbd","Conference on Learning Theory"
"6639c3a5bf0a76d1ef717bc7","Conference on Theory and Applications of Models of Computation"
"6639c3a9bf0a76d1ef717bcb","Cooperative Design, Visualization, and Engineering"
"6639c497078f0b3454c91b92","European Conference on Computer Supported Cooperative Work"
"6639c4b8078f0b3454c91bb0","European Dependable Computing Conference"
"6639c491078f0b3454c91b8c","European Conference on Artificial Intelligence"
"6639c4bc078f0b3454c91bb4","European SPI"
"6639c4c3078f0b3454c91bba","European Symposium on Programming"
"6639c4d0078f0b3454c91bc8","Extending Database Technology"
"6639c4e6078f0b3454c91bd8","Foundations of Software Science and Computational Structures"
"6639c4f8078f0b3454c91be6","Graph Drawing"
"6639c50f078f0b3454c91bfc","IEEE Automatic Speech Recognition and Understanding Workshop"
"6639c513078f0b3454c91c00","IEEE Computer Security Foundations Symposium (was CSFW)"
"6639c51d078f0b3454c91c08","IEEE Conference on Computer Vision and Pattern Recognition"
"6639c539078f0b3454c91c24","IEEE International Conference on Automatic Face and Gesture Recognition"
"6639c540078f0b3454c91c2a","IEEE International Conference on Blockchain and Cryptocurrency"
"6639c542078f0b3454c91c2c","IEEE International Conference on Cloud Computing"
"6639c69c4c771c093141cb90","IEEE International Conference on Program Comprehension (previously IWPC, changed in 2006)"
"6639c6b14c771c093141cba4","IEEE International Enterprise Distributed Object Computing Conference"
"6639c49e078f0b3454c91b98","European Conference on Evolutionary Computation in Combinatorial Optimisation"
"6639c4a8078f0b3454c91ba0","European Conference on Modelling Foundations and Applications"
"6639c4be078f0b3454c91bb6","European Symposium on Algorithms"
"6639c4c0078f0b3454c91bb8","European Symposium on Artificial Neural Networks"
"6639c4d6078f0b3454c91bcc","Financial Cryptography and Data Security Conference"
"6639c4dc078f0b3454c91bd0","Florida Artificial Intelligence Research Society Conference"
"6639c4e0078f0b3454c91bd4","Forum on Specification and Design Languages"
"6639c4fe078f0b3454c91bec","HCist - International Conference on Health and Social Care Information Systems and Technologies"
"6639c518078f0b3454c91c04","IEEE Conference on Cognitive and Computational Aspects of Situation Management"
"6639c51f078f0b3454c91c0a","IEEE Conference on Local Computer Networks"
"6639c525078f0b3454c91c10","IEEE Conference on Virtual Reality and 3D User Interfaces"
"6639c554078f0b3454c91c3c","IEEE International Conference on Cybernetics and Intelligent Systems"
"6639c556078f0b3454c91c3e","IEEE International Conference on Data Mining"
"6639c67e4c771c093141cb74","IEEE International Conference on Fog and Edge Computing"
"6639c6aa4c771c093141cb9e","IEEE International Conference on Visual Communications and Image Processing (was SPIE ... pre 2011)"
"6639c6b84c771c093141cbac","IEEE International Parallel and Distributed Processing Symposium (was IPPS and SPDP)"
"6639c4cc078f0b3454c91bc4","Exploring Modelling Methods in Systems Analysis and Design"
"6639c4e3078f0b3454c91bd6","Foundations of Genetic Algorithms"
"6639c500078f0b3454c91bee","Health Informatics Conference"
"6639c503078f0b3454c91bf0","Heterogeneity in Computing Workshop"
"6639c51b078f0b3454c91c06","IEEE Conference on Computational Complexity"
"6639c521078f0b3454c91c0c","IEEE Conference on Mass Storage Systems and Technologies"
"6639c529078f0b3454c91c14","IEEE Congress on Services"
"6639c52d078f0b3454c91c18","IEEE European Symposium on Security and Privacy"
"6639c53b078f0b3454c91c26","IEEE International Conference on Autonomic Computing"
"6639c54b078f0b3454c91c34","IEEE International Conference on Cognitive Informatics"
"6639c54d078f0b3454c91c36","IEEE International Conference on Computer and Information Technology"
"6639c6934c771c093141cb88","IEEE International Conference on Intelligent Systems"
"6639c6954c771c093141cb8a","IEEE International Conference on Mobile Ad-hoc and Sensor Systems"
"6639c69a4c771c093141cb8e","IEEE International Conference on Pervasive Computing and Communications"
"6639c69e4c771c093141cb92","IEEE International Conference on Robotics and Automation"
"6639c4ac078f0b3454c91ba4","European Conference on Object-Oriented Programming"
"6639c48d078f0b3454c91b88","European Chapter on Combinatorial Optimization"
"6639c4b6078f0b3454c91bae","European Conference on Technology Enhanced Learning"
"6639c4ba078f0b3454c91bb2","European MPI Users' Group Conference"
"6639c4c4078f0b3454c91bbc","European Symposium On Research In Computer Security"
"6639c4c6078f0b3454c91bbe","European Workshop on Computational Geometry"
"6639c4d9078f0b3454c91bce","Flexible Query-Answering Systems"
"6639c4de078f0b3454c91bd2","Formal Methods in Computer-Aided Design"
"6639c4f6078f0b3454c91be4","GI International Conference on Detection of Intrusions and Malware, and Vulnerability Assessment"
"6639c4fa078f0b3454c91be8","Graphics Interface"
"6639c505078f0b3454c91bf2","Human System Interaction"
"6639c50d078f0b3454c91bfa","ICT in Education, Research, and Industrial Applications"
"6639c53e078f0b3454c91c28","IEEE International Conference on Big Data"
"6639c558078f0b3454c91c40","IEEE International Conference on Data Science and Advanced Analytics"
"6639c6734c771c093141cb6a","IEEE International Conference on Distributed Computing in Sensor Systems"
"6639c67a4c771c093141cb70","IEEE international conference on ehealth networking applications and services (was International Workshop on Enterprise Networking and Computing in Health Care Industry; changed 2006)"
"6639c67c4c771c093141cb72","IEEE International Conference on Engineering of Complex Computer Systems"
"6639c6834c771c093141cb78","IEEE International Conference on Global Software Engineering"
"6639c6874c771c093141cb7c","IEEE International Conference on High Performance Computing and Simulation"
"6639c68b4c771c093141cb80","IEEE International Conference on Information and Automation"
"6639c68e4c771c093141cb84","IEEE International Conference on Intelligence and Security Informatics"
"6639c6a24c771c093141cb96","IEEE International Conference on Service-Oriented Computing and Applications"
"6639c6a44c771c093141cb98","IEEE International Conference on Software Analysis, Evolution and Reengineering"
"6639c6ac4c771c093141cba0","IEEE International Conference on Web Services"
"6639c6b24c771c093141cba6","IEEE International Geoscience and Remote Sensing Symposium"
"6639c48f078f0b3454c91b8a","European Conference on Ambient Intelligence"
"6639c499078f0b3454c91b94","European Conference on Computer Vision"
"6639c49c078f0b3454c91b96","European Conference on Digital Government (was European Conference on e-Government ECEG)"
"6639c4a2078f0b3454c91b9c","European Conference on Information Retrieval"
"6639c4b0078f0b3454c91ba8","European Conference on Pattern Languages of Programs"
"6639c4c9078f0b3454c91bc0","European-Japanese Conference on Information Modelling and Knowledge Bases"
"6639c4cb078f0b3454c91bc2","Eurosys Conference"
"6639c4cf078f0b3454c91bc6","Extended Semantic Web Conference (was European Semantic Web Conference)"
"6639c4ee078f0b3454c91bde","Fundamental Approaches to Software Engineering"
"6639c507078f0b3454c91bf4","Human-Agent Interaction"
"6639c511078f0b3454c91bfe","IEEE Bioinformatics and Bioengineering"
"6639c52f078f0b3454c91c1a","IEEE Global Internet Symposium"
"6639c533078f0b3454c91c1e","IEEE Industry Applications Society Annual Conference"
"6639c537078f0b3454c91c22","IEEE International Conference on Advanced Video and Signal Based Surveillance"
"6639c544078f0b3454c91c2e","IEEE International Conference on Cloud Computing in Emerging Markets"
"6639c547078f0b3454c91c30","IEEE International Conference on Cloud Computing Technology and Science (International Conference on Cloud Computing pre 2010)"
"6639c54f078f0b3454c91c38","IEEE International Conference on Computer Communications"
"6639c6784c771c093141cb6e","IEEE International Conference on e-Science and Grid Computing"
"6639c6a64c771c093141cb9a","IEEE International Conference on Software Maintenance and Evolution (prior to 2014 was ICSM, IEEE International Conference on Software Maintenance)"
"6639c4b2078f0b3454c91baa","European Conference on Software Architecture"
"6639c4b4078f0b3454c91bac","European Conference on Symbolic and Quantitative Approaches to Reasoning with Uncertainty"
"6639c4ec078f0b3454c91bdc","Frontiers in Education"
"6639c515078f0b3454c91c02","IEEE Conference of the Open Innovations Association FRUCT"
"6639c552078f0b3454c91c3a","IEEE International Conference on Computer Vision"
"6639c6804c771c093141cb76","IEEE International Conference on Fuzzy Systems"
"6639c6854c771c093141cb7a","IEEE International Conference on High Performance Computing and Communications"
"6639c68c4c771c093141cb82","IEEE International Conference on Information Reuse and Integration"
"6639c6b44c771c093141cba8","IEEE International Joint Conference on Neural Networks"
"6639c4a0078f0b3454c91b9a","European Conference on Genetic Programming"
"6639c493078f0b3454c91b8e","European Conference on Computational Biology"
"6639c4a5078f0b3454c91b9e","European Conference on Machine Learning and Principles and Practice of Knowledge Discovery in Database (PKDD and ECML combined from 2008)"
"6639c4ae078f0b3454c91ba6","European Conference on Operations Research"
"6639c4ea078f0b3454c91bda","Foundations of Software Technology and Theoretical Computer Science"
"6639c4fc078f0b3454c91bea","Haskell Workshop"
"6639c523078f0b3454c91c0e","IEEE Conference on Systems, Man and Cybernetics"
"6639c527078f0b3454c91c12","IEEE Congress on Evolutionary Computation"
"6639c52b078f0b3454c91c16","IEEE Consumer Communications and Networking Conference"
"6639c535078f0b3454c91c20","IEEE International Conference on Advanced Learning Technologies"
"6639c6914c771c093141cb86","IEEE International Conference on Intelligent Computer Communication and Processing"
"6639c6a04c771c093141cb94","IEEE International Conference on Sensing, Communication and Networking"
"6639c6b64c771c093141cbaa","IEEE International On-Line Testing Symposium"
"6639c495078f0b3454c91b90","European Conference on Computational Biology"
"6639c4aa078f0b3454c91ba2","European Conference on Multi-Agent Systems"
"6639c4d3078f0b3454c91bca","Eye Tracking Research and Applications"
"6639c4f1078f0b3454c91be0","Genetic and Evolutionary Computations"
"6639c4f4078f0b3454c91be2","Geometry Modeling and Processing"
"6639c509078f0b3454c91bf6","IADIS International Conference Applied Computing"
"6639c50b078f0b3454c91bf8","IberoAmerican Congress on Pattern Recognition"
"6639c531078f0b3454c91c1c","IEEE Global Telecommunications Conference"
"6639c549078f0b3454c91c32","IEEE International Conference on Cluster Computing"
"6639c55a078f0b3454c91c42","IEEE International Conference on Data Science and Engineering"
"6639c6764c771c093141cb6c","IEEE International Conference on Document Analysis and Recognition"
"6639c6884c771c093141cb7e","IEEE International Conference on Image Processing"
"6639c6974c771c093141cb8c","IEEE International Conference on Multimedia and Expo"
"6639c6a84c771c093141cb9c","IEEE International Conference on Software Services Engineering (previously IEEE International Conference on Services Computing SCC)"
"6639c6ae4c771c093141cba2","IEEE International Conference on Wireless and Mobile Computing, Networking and Communications"
"6639c6ba4c771c093141cbae","IEEE International Performance Computing and Communications Conference"
"6639c6cd4c771c093141cbc0","IEEE International Symposium on Multimedia"
"6639c6c84c771c093141cbbc","IEEE International Symposium on High Assurance Systems Engineering"
"6639c6cb4c771c093141cbbe","IEEE International Symposium on Information Theory"
"6639c6be4c771c093141cbb2","IEEE International Scientific Conference on Informatics"
"6639c7064c771c093141cbf6","IEEE Symposium on Computers and Communications"
"6639c7104c771c093141cbfe","IEEE Symposium on Logic in Computer Science"
"6639c71a4c771c093141cc08","IEEE Wireless Communications and Networking Conference"
"6639c71f4c771c093141cc0c","IEEE Workshop on High Performance Switching and Routing"
"6639c73a4c771c093141cc26","IFIP International Conference on Distributed Applications and Interoperable Systems"
"6639ceb5c521b3f2ad61146b","IFIP Working Conferences on Virtual Enterprises"
"6639ceb8c521b3f2ad61146d","IFIP/IEEE International Conference on Performance Evaluation and Modeling in Wired and Wireless Networks"
"6639cebcc521b3f2ad611471","IFSA World Congress"
"6639cecec521b3f2ad611481","Information Processing in Sensor Networks"
"6639ced0c521b3f2ad611483","Information Security Conference"
"6639cedfc521b3f2ad611491","Innovations in Theoretical Computer Science"
"6639cee5c521b3f2ad611497","Integrated Formal Methods"
"6639cef6c521b3f2ad6114a5","Interaction Design and Children (ACM)"
"6639cf0fc521b3f2ad6114bb","International Conference Abstract State Machines, Alloy, B, TLA, VDM, and Z (Previously International Conference of B and Z Users, ZB, changed in 2008)"
"6639cf1bc521b3f2ad6114c5","International Conference in Business Process Management"
"6639cf1fc521b3f2ad6114c9","International Conference Information Systems Architecture and Technology"
"6639cf3fc521b3f2ad6114e5","International Conference on Algorithms and Complexity (was Italian Conference )"
"6639cf52c521b3f2ad6114f7","International Conference on Artificial Intelligence in Music, Sound, Art and Design"
"6639cf56c521b3f2ad6114fb","International Conference on Artificial Neural Networks"
"6639cf58c521b3f2ad6114fd","International Conference on Artificial Reality and Telexistance & Eurographics Symposium on Virtual Environments"
"6639d0082aa97d8b88806025","International Conference on Computers in Education"
"6639c6d94c771c093141cbca","IEEE International Symposium on Rapid System Prototyping (was IEEE Symposium on Rapid Prototyping)"
"6639c6df4c771c093141cbd0","IEEE International Working Conference on Mining Software Repositories"
"6639c7124c771c093141cc00","IEEE Symposium on Security and Privacy"
"6639c7184c771c093141cc06","IEEE Visualization"
"6639c7234c771c093141cc10","IEEE/ACM International Conference on Advances in Social Networks Analysis and Mining"
"6639c72d4c771c093141cc1a","IEEE/IFIP International Conference on Embedded and Ubiquitous Computing"
"6639c7364c771c093141cc22","IFAC Symposium on Fault Detection, Supervision and Safety of Technical Processes"
"6639ceb3c521b3f2ad611469","IFIP WG8.1 Working Conference on the Practice of Enterprise Modeling"
"6639ceedc521b3f2ad61149d","Intelligent Systems in Molecular Biology"
"6639cf17c521b3f2ad6114c1","International Conference for High Performance Computing, Networking, Storage and Analysis (was Supercomputing Conference)"
"6639cf1dc521b3f2ad6114c7","International Conference in Methodologies and Intelligent Systems for Technology Enhanced Learning"
"6639cf45c521b3f2ad6114eb","International Conference on Applied Cryptography and Network Security"
"6639cf6bc521b3f2ad61150f","International Conference on Communication Systems and Applications"
"6639cf6dc521b3f2ad611511","International Conference on Compiler Construction"
"6639cffb2aa97d8b88806019","International Conference on Computer Supported Education"
"6639d00a2aa97d8b88806027","International Conference on Computing and Combinatorics"
"6639d0162aa97d8b88806033","International Conference on Cooperative Information Systems"
"6639d01a2aa97d8b88806037","International Conference on Cryptology and Network Security"
"6639c6d44c771c093141cbc6","IEEE International Symposium on Performance Analysis of Systems and Software"
"6639c6e44c771c093141cbd4","IEEE International Working Conference on Source Code Analysis and Manipulation"
"6639c6ec4c771c093141cbdc","IEEE Pacific Visualization Symposium (was APVIS)"
"6639c6f84c771c093141cbe8","IEEE Symposium on Computational Intelligence for Financial Engineering"
"6639c7294c771c093141cc16","IEEE/ACM International Symposium on Mixed and Augmented Reality"
"6639c72b4c771c093141cc18","IEEE/IFIP International Conference on Dependable Systems and Networks"
"6639c7434c771c093141cc2e","IFIP Joint International Conference on Formal Description Techniques and Protocol Specification, Testing, And Verification"
"6639cebec521b3f2ad611473","IMA International Conference on Cryptography and Coding"
"6639cec1c521b3f2ad611475","Image and Vision Computing Conference"
"6639cee1c521b3f2ad611493","Innovative Applications in AI"
"6639cee8c521b3f2ad611499","Intelligent Data Analysis"
"6639cef1c521b3f2ad6114a1","Intelligent Virtual Agents"
"6639ceffc521b3f2ad6114ad","International Baltic Conference on Databases and Information Systems"
"6639cf01c521b3f2ad6114af","International Colloquium on Automata Languages and Programming"
"6639cf26c521b3f2ad6114cf","International Conference on Advanced and Trusted Computing (was International Conference on Autonomic and Trusted Computing)"
"6639cf34c521b3f2ad6114db","International Conference on Advances in Computer-Human Interactions"
"6639cf41c521b3f2ad6114e7","International Conference on Analysis of Images, Social Networks and Texts"
"6639cf4cc521b3f2ad6114f1","International Conference on Artificial Intelligence and Soft Computing"
"6639cf5cc521b3f2ad611501","International Conference on Automated Planning and Scheduling"
"6639cf73c521b3f2ad611517","International Conference on Complexity, Future Information Systems and Risk"
"6639cf75c521b3f2ad611519","International Conference on Computability and Complexity in Analysis"
"6639cf79c521b3f2ad61151d","International Conference on Computational Creativity"
"6639cf7dc521b3f2ad611521","International Conference on Computational Linguistics"
"6639d0182aa97d8b88806035","International Conference on Coordination Models and Languages"
"6639d0232aa97d8b8880603f","International Conference on Data Science, Technology and Applications"
"6639c6d04c771c093141cbc2","IEEE International Symposium on Network Computing and Applications"
"6639c6d24c771c093141cbc4","IEEE International Symposium on Parallel and Distributed Processing with Applications"
"6639c6db4c771c093141cbcc","IEEE International Symposium on Real-Time Distributed Computing"
"6639c6e64c771c093141cbd6","IEEE International Workshop on Quality of Service"
"6639c6f24c771c093141cbe2","IEEE Software Engineering Workshop"
"6639c7014c771c093141cbf2","IEEE Symposium on Computational Intelligence in Cyber Security"
"6639c7164c771c093141cc04","IEEE Vehicular Technology Conference"
"6639c71c4c771c093141cc0a","IEEE Workshop on Applications of Computer Vision"
"6639c7254c771c093141cc12","IEEE/ACM International Conference on Big Data Computing, Applications and Technologies"
"6639c7274c771c093141cc14","IEEE/ACM International Conference on Computer-Aided Design"
"6639c72f4c771c093141cc1c","IEEE/RSJ International Conference on Intelligent Robots and Systems"
"6639c7404c771c093141cc2c","IFIP International Symposium on Computing Performance, Modelling, Measurement and Evaluation"
"6639ceaec521b3f2ad611465","IFIP TC13 Conference on Human-Computer Interaction"
"6639cebac521b3f2ad61146f","IFIP/IEEE International Symposium on Integrated Management (even years sharing with NOMS)"
"6639ced9c521b3f2ad61148b","Information Visualisation Theory and Practice"
"6639cf0ac521b3f2ad6114b7","International Computer Software and Applications Conference"
"6639cf11c521b3f2ad6114bd","International Conference and Exhibition on High Performance Computing in the Asia-Pacific Region"
"6639cf14c521b3f2ad6114bf","International Conference and Workshops on Algorithms and Computation"
"6639cf2ec521b3f2ad6114d5","International Conference on Advanced Information Networking and Applications (was ICOIN)"
"6639cf43c521b3f2ad6114e9","International Conference on Applications of Evolutionary Computation"
"6639cf60c521b3f2ad611505","International Conference on Broadband Communications, Networks and Systems"
"6639cf62c521b3f2ad611507","International Conference on Case-Based Reasoning"
"6639cf6fc521b3f2ad611513","International Conference on Compilers, Architecture, and Synthesis for Embedded Systems"
"6639cf7fc521b3f2ad611523","International Conference on Computational Molecular Biology"
"6639cff92aa97d8b88806017","International Conference on Computer Supported Cooperative Work in Design"
"6639d0252aa97d8b88806041","International Conference on Database and Expert Systems Applications"
"6639c6d74c771c093141cbc8","IEEE International Symposium on Personal and Indoor Mobile Radio Conference"
"6639c6c64c771c093141cbba","IEEE International Symposium on Cluster, Cloud and Grid Computing"
"6639c6c24c771c093141cbb6","IEEE International Symposium on Adaptive Dynamic Programming and Reinforcement Learning"
"6639c6ea4c771c093141cbda","IEEE Network Operations and Management Symposium"
"6639c6f64c771c093141cbe6","IEEE Symposium on Computational Intelligence and Data Mining"
"6639c6fe4c771c093141cbee","IEEE Symposium on Computational Intelligence in Bioinformatics and Computational Biology"
"6639c7044c771c093141cbf4","IEEE Symposium on Computer Arithmetic"
"6639c7214c771c093141cc0e","IEEE/ACIS International Conference on Computer and Information Science"
"6639c7324c771c093141cc1e","IEEE/WIC/ACM International Conference on Web Intelligence (previously joint with Intelligent Agent Technology WI-IAT)"
"6639cec8c521b3f2ad61147b","Industrial Simulation Conference"
"6639cedbc521b3f2ad61148d","Information Visualization in Biomedical Informatics"
"6639ceddc521b3f2ad61148f","Informing Science and Information Technology Education"
"6639ceeac521b3f2ad61149b","Intelligent Distributed Computing"
"6639cef3c521b3f2ad6114a3","Intenational Environmental Modelling and Software Society"
"6639cf03c521b3f2ad6114b1","International Colloquium on Structural Information and Communication Complexity"
"6639cf05c521b3f2ad6114b3","International Colloquium on Theoretical Aspects of Computing"
"6639cf08c521b3f2ad6114b5","International Computer Science Symposium in Russia"
"6639cf22c521b3f2ad6114cb","International Conference of the Immersive Learning Research Network"
"6639cf37c521b3f2ad6114dd","International Conference on Advances in Mobile Computing and Multimedia"
"6639cf38c521b3f2ad6114df","International Conference on Affective Computing and Intelligent"
"6639cf3ac521b3f2ad6114e1","International Conference on Agents and Artificial Intelligence"
"6639cf3cc521b3f2ad6114e3","International Conference on Algorithms and Architectures for Parallel Processing"
"6639cf4ec521b3f2ad6114f3","International Conference on Artificial Intelligence and Statistics"
"6639cf50c521b3f2ad6114f5","International Conference on Artificial Intelligence in Education"
"6639cf54c521b3f2ad6114f9","International Conference on Artificial Intelligence: Methodology, Systems, Applications"
"6639cf84c521b3f2ad611527","International Conference on Computational Science and its Applications"
"6639d0052aa97d8b88806023","International Conference on Computers Helping People with Special Needs"
"6639d0122aa97d8b8880602f","International Conference on Control, Automation, Robotics and Vision"
"6639d01e2aa97d8b8880603b","International Conference on Cyberworlds (was International Symposium on Cyberworlds)"
"6639d0292aa97d8b88806045","International Conference on Database Theory"
"6639d02b2aa97d8b88806047","International Conference on Dependability of Computer Systems"
"6639c6dd4c771c093141cbce","IEEE International Symposium on Wearable Computers"
"6639c6e14c771c093141cbd2","IEEE International Working Conference on Software Visualisation"
"6639c6ee4c771c093141cbde","IEEE Real-Time and Embedded Technology and Applications Symposium"
"6639c6fc4c771c093141cbec","IEEE Symposium on Computational Intelligence for Security and Defence Applications"
"6639c7004c771c093141cbf0","IEEE Symposium on Computational Intelligence in Control and Automation"
"6639c70a4c771c093141cbfa","IEEE Symposium on Foundations of Computer Science"
"6639c70d4c771c093141cbfc","IEEE Symposium on High-Performance Interconnects"
"6639ceb1c521b3f2ad611467","IFIP WG 11.3 Working Conference on Data and Applications Security (also known as DBSEC)"
"6639cec4c521b3f2ad611477","Indian Conference on Human-Computer Interaction"
"6639ced4c521b3f2ad611487","Information Security Symposium"
"6639cee3c521b3f2ad611495","Int. Workshop on Formal Methods for Industrial Critical Systems"
"6639ceefc521b3f2ad61149f","Intelligent Vehicles Conference"
"6639cef8c521b3f2ad6114a7","Interactive Entertainment"
"6639cf0dc521b3f2ad6114b9","International Computing Education Research Workshop"
"6639cf19c521b3f2ad6114c3","International Conference Formal Concept Analysis Conference"
"6639cf24c521b3f2ad6114cd","International Conference on AD-HOC Networks and Wireless"
"6639cf2cc521b3f2ad6114d3","International Conference on Advanced Data Mining and Applications"
"6639cf32c521b3f2ad6114d9","International Conference on Advanced Technologies For Signal & Image Processing"
"6639cf4ac521b3f2ad6114ef","International Conference on Artificial Intelligence and Law"
"6639cf5ac521b3f2ad6114ff","International Conference on Automated Deduction"
"6639cf5ec521b3f2ad611503","International Conference on Availability, Reliability and Security"
"6639cf65c521b3f2ad611509","International Conference on Cloud Computing and Services Science"
"6639cf66c521b3f2ad61150b","International Conference on Collaborative Computing: Networks, Applications and Worksharing"
"6639cf77c521b3f2ad61151b","International Conference on Computational Collective Intelligence"
"6639cf7bc521b3f2ad61151f","International Conference on Computational Intelligence and Security"
"6639cf82c521b3f2ad611525","International Conference on Computational Science"
"6639d0032aa97d8b88806021","International Conference on Computers and their Applications"
"6639d00c2aa97d8b88806029","International Conference on Computing and Informatics"
"6639d0142aa97d8b88806031","International Conference on Control, Decision and Information Technologies"
"6639d02d2aa97d8b88806049","International Conference on Dependable, Autonomic and Secure Computing"
"6639c6e84c771c093141cbd8","IEEE LAN/MAN Workshop"
"6639c7344c771c093141cc20","IFAC Conference on System Structure and Control"
"6639cec6c521b3f2ad611479","Inductive Logic Programming"
"6639ceccc521b3f2ad61147f","Information Integration and Web-based Applications and Services"
"6639cefac521b3f2ad6114a9","International ACM SIGACCESS Conference on Computers and Accessibility"
"6639cf28c521b3f2ad6114d1","International Conference on Advanced Computing and Communications"
"6639cf30c521b3f2ad6114d7","International Conference on Advanced Information Systems Engineering"
"6639cf69c521b3f2ad61150d","International Conference on COMmunication Systems & NETworkS"
"6639cf86c521b3f2ad611529","International Conference on Computer Analysis of Images and Patterns"
"6639cff62aa97d8b88806015","International Conference on Computer Safety, Reliability and Security"
"6639cfff2aa97d8b8880601d","International Conference on Computer Vision Systems"
"6639d01c2aa97d8b88806039","International Conference on Cryptology in India"
"6639d0202aa97d8b8880603d","International Conference on Data Engineering"
"6639d0272aa97d8b88806043","International Conference on Database Systems for Advanced Applications"
"6639c6bc4c771c093141cbb0","IEEE International Requirements Engineering Conference"
"6639c6c04c771c093141cbb4","IEEE International Symposium on a World of Wireless, Mobile and Multimedia Networks"
"6639c6c44c771c093141cbb8","IEEE International Symposium on Artificial Life"
"6639c6f04c771c093141cbe0","IEEE Region 10 Conference"
"6639c6f44c771c093141cbe4","IEEE Swarm Intelligence Symposium"
"6639c6fa4c771c093141cbea","IEEE Symposium on Computational intelligence for Multimedia Signal and Vision Processing"
"6639c7084c771c093141cbf8","IEEE Symposium on Field Programmable Custom Computing Machines"
"6639c7144c771c093141cc02","IEEE Symposium on Visual Languages and Human-Centric Computing (was VL)"
"6639c7384c771c093141cc24","IFIP Information Security & Privacy Conference"
"6639c73c4c771c093141cc28","IFIP International Conference on Network and Parallel Computing"
"6639c73e4c771c093141cc2a","IFIP International Conference on Networking"
"6639cecac521b3f2ad61147d","Information Hiding and Multimedia Security Workshop"
"6639ced2c521b3f2ad611485","Information Security Practice and Experience Conference"
"6639ced6c521b3f2ad611489","Information Theory Workshop"
"6639cefdc521b3f2ad6114ab","International and Interdisciplinary Conference on Modelling and Using Context"
"6639cf48c521b3f2ad6114ed","International Conference on Artificial Intelligence"
"6639cf71c521b3f2ad611515","International Conference on Complex, Intelligent and Software Intensive Systems"
"6639cff42aa97d8b88806013","International Conference on Computer Communication and Networks"
"6639cffd2aa97d8b8880601b","International Conference on Computer Vision and Graphics"
"6639d0012aa97d8b8880601f","International Conference on Computer-Human Interaction Research and Applications"
"6639d00e2aa97d8b8880602b","International Conference on Conceptual Modelling"
"6639d0102aa97d8b8880602d","International Conference on Concurrency Theory"
"6639d0322aa97d8b8880604f","International Conference on Distributed Computing and Artificial Intelligence"
"6639d02f2aa97d8b8880604b","International Conference on Digital Society"
"6639d03e2aa97d8b8880605b","International Conference on Embedded and Real Time Computing Systems and Applications"
"6639d0312aa97d8b8880604d","International Conference on Discrete Geometry for Computer Imagery"
"6639d0382aa97d8b88806055","International Conference on Distributed Computing Systems"
"6639d06a2aa97d8b88806083","International Conference on High Performance Scientific Computing"
"6639d06c2aa97d8b88806085","International Conference on Human Factors in Computing Systems"
"6639d0882aa97d8b888060a1","International Conference on Information and Communication Technologies for Ageing Well and e-Health"
"6639d0ab2aa97d8b888060c3","International Conference on Intelligent Systems Designs and Applications"
"6639d0802aa97d8b88806099","International Conference on Industrial and Engineering Applications of Artificial Intelligence and Expert Systems"
"6639d0932aa97d8b888060ab","International Conference on Information Processing and Management of Uncertainty"
"6639d0a12aa97d8b888060b9","International Conference on Innovations for Community Services (was Innovative Internet Computer Systems IICS until 2014)"
"6639d0b32aa97d8b888060c9","International Conference on Intelligent User Interfaces"
"6639d0402aa97d8b8880605d","International Conference on Embedded Wireless Systems and Networks (wasEuropean Conference on Wireless Sensor Networks)"
"6639d04f2aa97d8b8880606b","International Conference on Formal Methods and Models for Co-Design"
"6639d0512aa97d8b8880606d","International Conference on Formal Ontology in Information Systems"
"6639d0542aa97d8b8880606f","International Conference on Formal Structures for Computation and Deduction"
"6639d05c2aa97d8b88806077","International Conference on Generative Programming and Component Engineering"
"6639d0602aa97d8b8880607b","International Conference on Green, Pervasive and Cloud Computing (was Grid and Pervasive Computing)"
"6639d0762aa97d8b8880608f","International Conference on Image Analysis and Recognition"
"6639d07c2aa97d8b88806095","International Conference on Implementation and Application of Automata"
"6639d0972aa97d8b888060af","International Conference on Information Security and Cryptology"
"6639d0432aa97d8b8880605f","International Conference on Emerging Ubiquitous Systems and Pervasive Networks"
"6639d0472aa97d8b88806063","International Conference on Entertainment Computing"
"6639d0482aa97d8b88806065","International Conference on Evaluation and Assessment in Software Engineering"
"6639d04b2aa97d8b88806067","International Conference on Evaluation of Novel Approaches to Software Engineering"
"6639d0562aa97d8b88806071","International Conference on Frontiers of Handwriting Recognition"
"6639d05e2aa97d8b88806079","International Conference on Graph Transformations"
"6639d06e2aa97d8b88806087","International Conference on Human-Computer Interaction with Mobile Devices and Services"
"6639d09b2aa97d8b888060b3","International Conference on Information Systems Security and Privacy"
"6639d09d2aa97d8b888060b5","International Conference on Information Technology and Applications"
"6639d0ad2aa97d8b888060c5","International Conference on Intelligent Text Processing and Computational Linguistics"
"6639d0352aa97d8b88806051","International Conference on Distributed Computing and Internet Technologies"
"6639d03c2aa97d8b88806059","International Conference on Electronic Commerce"
"6639d0442aa97d8b88806061","International Conference on Engineering Applications of Neural Networks"
"6639d0372aa97d8b88806053","International Conference on Distributed Computing and Networking"
"6639d03a2aa97d8b88806057","International Conference on Dublin Core and Metadata Applications"
"6639d04d2aa97d8b88806069","International Conference on Formal Engineering Methods"
"6639d0582aa97d8b88806073","International Conference on Frontiers of Information Technology"
"6639d05a2aa97d8b88806075","International Conference on Functional Programming"
"6639d0672aa97d8b88806081","International Conference on High Performance Computing"
"6639d0722aa97d8b8880608b","International Conference on Hybrid Intelligent Systems"
"6639d08a2aa97d8b888060a3","International Conference on Information and Communication Technologies in Tourism"
"6639d08d2aa97d8b888060a5","International Conference on Information and Communications Security"
"6639d08f2aa97d8b888060a7","International Conference on Information and Knowledge Engineering"
"6639d0952aa97d8b888060ad","International Conference on Information Security and Cryptography"
"6639d0992aa97d8b888060b1","International Conference on Information Systems Security"
"6639d0622aa97d8b8880607d","International Conference on Hardware/Software Codesign and System Synthesis (previously ISSN, changed in 2003)"
"6639d07a2aa97d8b88806093","International Conference on Image and Signal Processing"
"6639d0842aa97d8b8880609d","International Conference on Informatics in Control, Automation and Robotics"
"6639d0a32aa97d8b888060bb","International Conference on Integration of Artificial Intelligence and Operations Research Techniques in Constraint Programming for Combinatorial Optimization Problems"
"6639d0652aa97d8b8880607f","International Conference on Heterogeneous Networking for Quality, Reliability, Security and Robustness (was International Conference on Quality of Service in Heterogeneous Wired/Wireless Networks)"
"6639d07e2aa97d8b88806097","International Conference on Indoor Positioning and Indoor Navigation"
"6639d0862aa97d8b8880609f","International Conference on Information and Communication Technologies and Development"
"6639d09f2aa97d8b888060b7","International Conference on Information Visualisation"
"6639d0a52aa97d8b888060bd","International Conference on Intelligent Data Engineering and Automated Learning"
"6639d0a92aa97d8b888060c1","International Conference on Intelligent Systems and Knowledge Engineering"
"6639d0702aa97d8b88806089","International Conference on Hybrid Artificial Intelligence Systems"
"6639d0742aa97d8b8880608d","International Conference on Image Analysis and Processing"
"6639d0782aa97d8b88806091","International Conference on Image and Graphics"
"6639d0822aa97d8b8880609b","International Conference on Informatics & Data-Driven Medicine"
"6639d0912aa97d8b888060a9","International Conference on Information Fusion"
"6639d0a72aa97d8b888060bf","International Conference on Intelligent Software Methodologies, Tools, and Techniques (was International Conference on Software Methods and Tools)"
"6639d0b12aa97d8b888060c7","International Conference on Intelligent Tutoring Systems"
"6639d0bb2aa97d8b888060d1","International Conference on Internet Monitoring and Protection"
"6639d0b72aa97d8b888060cd","International Conference on Internet and Web Applications and Services"
"6639d126387369a8970585f3","International Conference on Machine Vision"
"6639d12a387369a8970585f7","International Conference on Management of Data"
"6639d131387369a8970585fd","International Conference on Methods and Models in Automation and Robotics"
"6639d14c387369a897058619","International Conference on Natural Computation"
"6639d162387369a89705862f","International Conference on Parallel and Distributed Systems"
"6639d166387369a897058633","International Conference on Parallel Processing"
"6639d168387369a897058635","International Conference on Parallel Processing and Applied Mathematics"
"6639d17c387369a897058645","International Conference on Principles of Practice in Multi-Agent Systems (prior to 2009 was Pacific Rim International Workshop on Multi-Agents)"
"6639d182387369a89705864b","International Conference on Process Mining"
"6639d196387369a89705865f","International Conference on Robotics, Vision, Signal Processing and Power Applications (was ROVPIA)"
"6639d1aa387369a897058673","International Conference on Software and Data Technologies"
"6639d1c6387369a89705868f","International Conference on Technical Debt"
"6639d3928fb9939b82bceb47","International Science Conference on Computer Networks"
"6639d39c8fb9939b82bceb51","International Symposium on Algorithms and Experiments for Wireless Networks"
"6639d3a18fb9939b82bceb55","International Symposium on Applied Machine Intelligence and Informatics"
"6639d3a78fb9939b82bceb5b","International Symposium on Automated Technology for Verification and Analysis"
"6639d3b08fb9939b82bceb63","International Symposium on Combinatorial Optimisation"
"6639d3bb8fb9939b82bceb6b","International Symposium on Distributed Simulation and Real Time Applications"
"6639d3bf8fb9939b82bceb6f","International Symposium on Experimental Algorithms"
"6639d3c98fb9939b82bceb77","International Symposium on Fundamentals of Computation Theory"
"6639d3cd8fb9939b82bceb7b","International Symposium on High Performance Computer Architecture"
"6639d3e98fb9939b82bceb93","International Symposium on Neural Networks"
"6639d4e04fd45eb8c2e67050","International Symposium on Technology and Society"
"6639d4f14fd45eb8c2e6705e","International Telecommunication Networks and Applications Conference (was Australian Telecommunication Networks and Applications Conference)"
"6639d4f74fd45eb8c2e67062","International Visualization in Transportation Symposium"
"6639d4f94fd45eb8c2e67064","International Wordnet Conference (Global Wordnet Conference)"
"6639d5064fd45eb8c2e67070","International Workshop on Combinatorial Algorithm"
"6639d51c4fd45eb8c2e67082","International Workshop on Fast Software Encryption"
"6639d5234fd45eb8c2e67088","International Workshop on Graph-Theoretic Concepts in Computer Science"
"6639d53a4fd45eb8c2e6709a","International Workshop on Requirements Engineering: Foundation for Software Quality"
"6639d53c4fd45eb8c2e6709c","International Workshop on Security"
"6639d5414fd45eb8c2e670a0","International Workshop on Software and Compilers for Embedded Systems"
"6639d55d4fd45eb8c2e670b8","KES International Symposium on Intelligent Decision Technologies"
"6639d55f4fd45eb8c2e670ba","Knowledge capture"
"6639d5644fd45eb8c2e670be","Knowledge Visualization and Visual Thinking"
"6639d5664fd45eb8c2e670c0","Language Resources and Evaluation Conference"
"6639d5744fd45eb8c2e670ca","Logical Foundations of Computer Science"
"6639d5784fd45eb8c2e670ce","Machine Translation Summit"
"6639d59d4fd45eb8c2e670ee","New Technologies Mobility and Security"
"6639d5bd4fd45eb8c2e67100","Pacific Rim Knowledge Acquisition Workshop"
"6639d5cb4fd45eb8c2e6710c","Passive and Active Measurement Conference"
"6639d6abb9c725a1d3ed3d9b","Simulation Technology and Training Conference"
"6639d6cbb9c725a1d3ed3dbb","Symposium on Reliable Distributed Systems"
"6639d6d1b9c725a1d3ed3dc1","Tangible, Embedded, and Embodied Interaction"
"6639d6d3b9c725a1d3ed3dc3","Testbeds and Research Infrastructures for the Development of Networks and Communities"
"6639d6e7b9c725a1d3ed3dd3","Theoretical Aspects of Rationality and Knowledge"
"6639d6fbb9c725a1d3ed3de5","Utility and Cloud Computing"
"6639d733b9c725a1d3ed3e1b","Workshop on the Arithmetic of Finite Fields"
"6639d139387369a897058605","International Conference on Mobile Ubiquitous Computing, Systems, Services and Technologies"
"6639d145387369a897058611","International Conference on Modelling Decisions for Artificial Intelligence"
"6639d148387369a897058615","International Conference on Multimedia Retrieval (previously MIR)"
"6639d150387369a89705861d","International Conference on network and System Security"
"6639d16d387369a897058639","International Conference on Pattern Recognition Applications and Methods"
"6639d179387369a897058643","International Conference on Principles of Distributed Systems"
"6639d1a0387369a897058669","International Conference on Semantics Knowledge and Grid"
"6639d1bb387369a897058683","International Conference on Software Language Engineering"
"6639d1c5387369a89705868d","International Conference on Systems Engineering"
"6639d32f8fb9939b82bceaf5","International Conference on Theory and Practice of Digital Libraries (was ECDL until 2010)"
"6639d33a8fb9939b82bceafd","International Conference on Ubiquitous Intelligence and Computing"
"6639d33c8fb9939b82bceaff","International Conference on Unconventional Computation and Natural Computation (was International Conference on Unconventional Computation)"
"6639d3638fb9939b82bceb21","International CSI Computer Conference"
"6639d3728fb9939b82bceb2f","International Joint Conference on Autonomous Agents and Multiagent Systems (previously the International Conference on Multiagent Systems, ICMAS, changed in 2000)"
"6639d3948fb9939b82bceb49","International Semantic Web Conference"
"6639d39e8fb9939b82bceb53","International Symposium on Applied Computational Intelligence and Informatics"
"6639d3bd8fb9939b82bceb6d","International Symposium on Empirical Software Engineering and Measurement"
"6639d3c28fb9939b82bceb71","International Symposium on Formal Methods (was Formal Methods Europe FME)"
"6639d3db8fb9939b82bceb87","International Symposium on Leveraging Applications of Formal Methods, Verification and Validation"
"6639d3e38fb9939b82bceb8d","International Symposium on Memory Management"
"6639d3e58fb9939b82bceb8f","International Symposium on Modelling and Optimization in Mobile, Ad Hoc, and Wireless Networks"
"6639d3f28fb9939b82bceb9b","INTERNATIONAL SYMPOSIUM ON PERVASIVE DISPLAYS"
"6639d4e94fd45eb8c2e67058","International Symposium on Theoretical Aspects of Software Engineering"
"6639d4ef4fd45eb8c2e6705c","International Symposium on Visual Computing"
"6639d50b4fd45eb8c2e67074","International Workshop on Coordination, Organizations, Institutions, Norms and Ethics for Governance of Multi-Agent Systems (Ethics added 2020)"
"6639d5124fd45eb8c2e6707a","International Workshop on Data Warehousing and OLAP"
"6639d5724fd45eb8c2e670c8","Logic Programming and Automated Reasoning"
"6639d58c4fd45eb8c2e670e0","Mobile and Ubiquitous Multimedia (ACM)"
"6639d59f4fd45eb8c2e670f0","New Zealand Game Developers Conference"
"6639d699b9c725a1d3ed3d89","Robot Soccer World Cup"
"6639d6bdb9c725a1d3ed3dad","Symposium Model Analysis and Simulation of Computer and Telecommunications Systems"
"6639d6c1b9c725a1d3ed3db1","Symposium on Advances in DB and Information Systems"
"6639d6dab9c725a1d3ed3dc9","The International Conference on Intelligent Environments"
"6639d6dfb9c725a1d3ed3dcd","The International Symposium on Research in Attacks, Intrusions and Defenses (was International Symposium on Recent Advances in Intrusion Detection)"
"6639d6f3b9c725a1d3ed3ddd","Usenix Network and Distributed System Security Symposium"
"6639d707b9c725a1d3ed3df1","Winter Simulation Conference"
"6639d725b9c725a1d3ed3e0d","Workshop on Domain Specific Modelling"
"6639d72db9c725a1d3ed3e15","Workshop on Logic, Language, Information and Computation"
"6639d116387369a8970585e3","International Conference on Learning Analytics and Knowledge"
"6639d119387369a8970585e5","International Conference on Learning Representations"
"6639d120387369a8970585ed","International Conference on Machine Learning"
"6639d128387369a8970585f5","International Conference on Managed Programming Languages and Runtimes (was ManLang and previously Principles and Practice of Programming in Java: PPPJ)"
"6639d135387369a897058601","International Conference on Mobile Data Management"
"6639d155387369a897058623","International Conference on Neural Information Processing"
"6639d164387369a897058631","International Conference on Parallel Architecture and Compilation Techniques"
"6639d173387369a89705863d","International Conference on Practice and Theory in Public Key Cryptography"
"6639d184387369a89705864d","International Conference on Provable Security"
"6639d188387369a897058651","International Conference on Real-Time and Network Systems"
"6639d19c387369a897058665","International Conference on Security and Privacy for Communication Networks"
"6639d19e387369a897058667","International Conference on Security of Information and Networks"
"6639d1a2387369a89705866b","International Conference on Sequences and their Applications"
"6639d1a4387369a89705866d","International Conference on Service Oriented Computing"
"6639d1b5387369a89705867d","International Conference on Software Engineering and Formal Methods"
"6639d1bf387369a897058687","International Conference on Software Reuse"
"6639d1c0387369a897058689","International Conference on Software Testing, Verification and Validation"
"6639d1c8387369a897058691","International Conference on Testing Software and Systems"
"6639d3408fb9939b82bceb03","International Conference on Vehicle Technology and Intelligent Transport Systems"
"6639d3428fb9939b82bceb05","International Conference on Very Large Databases"
"6639d3468fb9939b82bceb09","International Conference on Virtual Rehabilitation"
"6639d3508fb9939b82bceb11","International Conference on Web Information Systems and Technologies"
"6639d35e8fb9939b82bceb1d","International Congress on Modelling and Simulation"
"6639d38b8fb9939b82bceb41","International Natural Language Generation Conference"
"6639d39a8fb9939b82bceb4f","International Symposium on Algorithms and Computation"
"6639d3a58fb9939b82bceb59","International Symposium on Artificial Life and Robotics"
"6639d3b68fb9939b82bceb67","International Symposium on Computer Architecture and High Performance Computing"
"6639d3c68fb9939b82bceb75","International Symposium on Functional and Logic Programming"
"6639d3f78fb9939b82bceb9f","International Symposium on Search Based Software Engineering"
"6639d3fc8fb9939b82bceba3","International Symposium on Software Engineering: Theories, Tools, and Applications"
"6639d4008fb9939b82bceba7","International Symposium on Software Testing and Analysis"
"6639d4048fb9939b82bcebab","International Symposium on Spatial Data Handling"
"6639d4078fb9939b82bcebad","International Symposium on Spatial Data Quality"
"6639d4d74fd45eb8c2e6704a","International Symposium on String Processing and Information Retrieval"
"6639d50e4fd45eb8c2e67076","International Workshop on Critical Information Infrastructures Security"
"6639d5104fd45eb8c2e67078","International Workshop on Data Management on New Hardware"
"6639d52a4fd45eb8c2e6708e","International Workshop on Information Security Applications"
"6639d5324fd45eb8c2e67094","International Workshop on Multimedia Signal Processing"
"6639d5764fd45eb8c2e670cc","Logics in Artificial Intelligence, European Conference"
"6639d5814fd45eb8c2e670d6","Malaysia International Conference on Communications"
"6639d5894fd45eb8c2e670de","Mensch & Computer"
"6639d5944fd45eb8c2e670e6","National Conference of the American Association for Artificial Intelligence"
"6639d5a24fd45eb8c2e670f2","Nordic Conference on Human-Computer Interaction"
"6639d5c14fd45eb8c2e67104","Pacific-Asia Conference on Knowledge Discovery and Data Mining"
"6639d6c3b9c725a1d3ed3db3","Symposium on Geometry Processing"
"6639d6e9b9c725a1d3ed3dd5","Theory of Cryptography Conference"
"6639d6efb9c725a1d3ed3dd9","Usable Security and Privacy"
"6639d701b9c725a1d3ed3deb","Visual Information Communication and Interaction"
"6639d713b9c725a1d3ed3dfd","Workshop on Algorithms in Bioinformatics"
"6639d11c387369a8970585e9","International Conference on Logic Programming"
"6639d0bd2aa97d8b888060d3","International Conference on Internet of Things, Big Data and Security"
"6639d11e387369a8970585eb","International Conference on Logic Programming and Non-monotonic Reasoning"
"6639d146387369a897058613","International Conference on Multimedia Modelling"
"6639d170387369a89705863b","International Conference on Practical Applications of Computational Biology & Bioinformatics"
"6639d180387369a897058649","International Conference on Probabilistic, Combinatorial, and Asymptotic Methods in the Analysis of Algorithms (was Conference on Analysis of Algorithms)"
"6639d186387369a89705864f","International Conference on Quality of Multimedia Experience"
"6639d198387369a897058661","International Conference on Runtime Verification (was workshop pre 2010)"
"6639d19a387369a897058663","International Conference on Scientific and Statistical Data Base Management"
"6639d1b7387369a89705867f","International Conference on Software Engineering and Knowledge Engineering"
"6639d1bd387369a897058685","International Conference on Software Quality Management"
"6639d1c3387369a89705868b","International Conference on Sustainable Energy Information Technology"
"6639d1ca387369a897058693","International Conference on Tests and Proofs"
"6639d1cf387369a897058697","International Conference on the Foundations of Digital Games"
"6639d1d2387369a897058699","International Conference on the Principles of Knowledge Representation and Reasoning"
"6639d1d3387369a89705869b","International Conference on the Quality of Information and Communications Technology"
"6639d3218fb9939b82bceae9","International Conference on the Simulation and Synthesis of Living Systems"
"6639d3248fb9939b82bceaeb","International Conference on the Theory and Application of Cryptographic Techniques"
"6639d32d8fb9939b82bceaf3","International Conference on Theory and Applications of Satisfiability Testing"
"6639d3358fb9939b82bceaf9","International Conference on Trust, Privacy and Security in Digital Business"
"6639d3448fb9939b82bceb07","International Conference on Virtual Execution Environments"
"6639d34e8fb9939b82bceb0f","International Conference on Web Engineering"
"6639d3528fb9939b82bceb13","International Conference on Web Information Systems Engineering"
"6639d3578fb9939b82bceb17","International Conference: Sciences of Electronics, Technologies of information and Telecommunication"
"6639d3598fb9939b82bceb19","International Conferences in Central Europe on Computer Graphics, Visualization and Computer Vision"
"6639d3678fb9939b82bceb25","International European Conference on Parallel and Distributed Computing (was International Conference on Parallel Processing)"
"6639d3878fb9939b82bceb3d","International KES Conference on Agents and Multiagent systems - Technologies and Applications"
"6639d3968fb9939b82bceb4b","International Symposium 'Problems of Redundancy in Information and Control Systems'"
"6639d3ae8fb9939b82bceb61","International Symposium on Code Generation and Optimization"
"6639d3b98fb9939b82bceb69","International Symposium on Distributed Computing (was WDAG)"
"6639d3d48fb9939b82bceb81","International Symposium on Innovations in Intelligent Systems and Applications"
"6639d3d98fb9939b82bceb85","International Symposium on Latin American Theoretical Informatics"
"6639d3de8fb9939b82bceb89","International Symposium on Logic-based Program Synthesis and Transformation"
"6639d3e18fb9939b82bceb8b","International Symposium on Mathematical Foundations of Computer Science"
"6639d3e78fb9939b82bceb91","International Symposium on Networks, Computers and Communications"
"6639d3eb8fb9939b82bceb95","International Symposium on Open Collaboration (was International Symposiums on Wikis)"
"6639d4da4fd45eb8c2e6704c","International Symposium on Symbolic and Algebraic Computation"
"6639d4dd4fd45eb8c2e6704e","International Symposium on Symbolic and Numeric Algorithms for Scientific Computing"
"6639d4e74fd45eb8c2e67056","International Symposium on Theoretical Aspects of Computer Science"
"6639d4f44fd45eb8c2e67060","International Teletraffic Congress"
"6639d5084fd45eb8c2e67072","International Workshop on Combinatorial Image Analysis: Theory and Applications"
"6639d52d4fd45eb8c2e67090","International Workshop on Modelling in Software Engineering"
"6639d5304fd45eb8c2e67092","International Workshop on MultiAgent Based Simulation"
"6639d5474fd45eb8c2e670a6","International Workshop on Web and Wireless Geographical Information Systems"
"6639d5544fd45eb8c2e670b0","ISC High Performance (was International Supercomputing Conference)"
"6639d5594fd45eb8c2e670b4","Joint Conference of the International Workshop on Software Measurement and the International Conference on Software Process and Product Measurement (IWSM and Mensura combined from 2007)"
"6639d56b4fd45eb8c2e670c4","Latin American Conference on Informatics"
"6639d57f4fd45eb8c2e670d4","MACIS: International Conference of Mathematical Aspects of Computer and Information Sciences"
"6639d58f4fd45eb8c2e670e2","Modelling and Optimization: Theory and Applications"
"6639d5ba4fd45eb8c2e670fe","Pacific Rim International Symposium on Dependable Computing"
"6639d5bf4fd45eb8c2e67102","Pacific Symposium on Biocomputing"
"6639d69bb9c725a1d3ed3d8b","Selected Areas in Cryptography"
"6639d6a9b9c725a1d3ed3d99","Simulation and Synthesis in Medical Imaging"
"6639d6bfb9c725a1d3ed3daf","Symposium of Asian Association for Algorithms and Computation"
"6639d6e5b9c725a1d3ed3dd1","The Theory and Application of Diagrams"
"6639d6ebb9c725a1d3ed3dd7","Tools and Algorithms for Construction and Analysis of Systems"
"6639d6f9b9c725a1d3ed3de3","USENIX Workshop on Hot Topics in Operating Systems"
"6639d705b9c725a1d3ed3def","Web and Big Data"
"6639d711b9c725a1d3ed3dfb","Workshop on Algorithms And Models For The Web Graph"
"6639d718b9c725a1d3ed3e01","Workshop on Applications of Graph Theory in Wireless Ad hoc Networks and Sensor Networks"
"6639d71ab9c725a1d3ed3e03","Workshop on Approximation and Online Algorithms"
"6639d71eb9c725a1d3ed3e07","Workshop on Computer Architecture Education"
"6639d73bb9c725a1d3ed3e23","World Multi-Conference on Systemics, Cybernetics and Informatics"
"6639d0b52aa97d8b888060cb","International Conference on Interactive Digital Storytelling (2008 merger of 'ICVS International Conference on Virtual Storytelling' and 'TIDSE Technology for Interactive Digital Storytelling')"
"6639d0c22aa97d8b888060d7","International Conference on Knowledge Engineering and Knowledge Management"
"6639d12f387369a8970585fb","International Conference on Mathematical Foundations of Programming Semantics"
"6639d13b387369a897058607","International Conference on Model and Data Engineering"
"6639d13d387369a897058609","International Conference on Model Driven Engineering Languages and Systems (Previously UML, changed in 2005)"
"6639d141387369a89705860d","International Conference on Model-Driven Engineering and Software Development"
"6639d142387369a89705860f","International Conference on Modelling and Simulation"
"6639d14a387369a897058617","International Conference on Multimodal Interaction (was International Conference on Multimodal Interfaces)"
"6639d152387369a89705861f","International Conference on Network Protocols"
"6639d15a387369a897058627","International Conference on Optimization: Techniques And Applications"
"6639d194387369a89705865d","International Conference on Risks and Security of Internet and Systems"
"6639d1ae387369a897058677","International Conference on Software Architecture (was previously WICSA)"
"6639d1b1387369a897058679","International Conference on Software Engineering"
"6639d1f5387369a89705869f","International Conference on the Statistical Analysis of Textual Data"
"6639d3288fb9939b82bceaef","International Conference on the Theory of Information Retrieval"
"6639d3498fb9939b82bceb0b","International Conference on VLSI Design"
"6639d34c8fb9939b82bceb0d","International Conference on Web and Social Media"
"6639d3558fb9939b82bceb15","International Conference on Wireless Networks and Mobile Communications"
"6639d3708fb9939b82bceb2d","International Joint Conference on Automated Reasoning"
"6639d3778fb9939b82bceb33","International Joint Conference on Computational Intelligence"
"6639d38d8fb9939b82bceb43","International Network Optimization Conference"
"6639d3ac8fb9939b82bceb5f","International Symposium on Autonomous Decentralized Systems"
"6639d4028fb9939b82bceba9","International Symposium on Spatial and Temporal Databases"
"6639d4ec4fd45eb8c2e6705a","International Symposium on Ubiquitous Virtual Reality"
"6639d4fe4fd45eb8c2e67068","International Work-conference on the Interplay between Natural and Artificial Computation"
"6639d5004fd45eb8c2e6706a","International Workshop on Algebraic and Combinatorial Coding Theory"
"6639d5024fd45eb8c2e6706c","International Workshop on Approximation Algorithms for Combinatorial Optimization Problems and International Conference on Randomization and Computation"
"6639d5194fd45eb8c2e67080","International Workshop on Enterprise and Organizational Modelling and Simulation"
"6639d5374fd45eb8c2e67098","International Workshop on Principles of Diagnosis"
"6639d5524fd45eb8c2e670ae","Interspeech (combined EuroSpeech and ICSLP in 2000)"
"6639d5834fd45eb8c2e670d8","Mathematics of Program Construction"
"6639d5924fd45eb8c2e670e4","Multimedia and Network Information Systems"
"6639d5ad4fd45eb8c2e670f8","Pacific Asia Conference on Language, Information and Computation"
"6639d684b9c725a1d3ed3d77","Practical Aspects of Declarative Languages"
"6639d686b9c725a1d3ed3d79","Practice and Theory of Automated Timetabling"
"6639d691b9c725a1d3ed3d83","Product Focused Software Process Improvement"
"6639d6b0b9c725a1d3ed3d9f","Smart Card Research and Advanced Application Conference"
"6639d6b9b9c725a1d3ed3da9","Structural and Syntactical Pattern Recognition"
"6639d6d8b9c725a1d3ed3dc7","The International Conference on Future Networks and Communications"
"6639d6f7b9c725a1d3ed3de1","Usenix Symposium on Operating Systems Design and Implementation"
"6639d703b9c725a1d3ed3ded","Visualization In Science and Education"
"6639d70fb9c725a1d3ed3df9","Workshop on Algorithmic Approaches for Transportation Modelling, Optimization, and Systems"
"6639d715b9c725a1d3ed3dff","Workshop on Analytic Algorithmics and Combinatorics"
"6639d727b9c725a1d3ed3e0f","Workshop on Fault Diagnosis and Tolerance in Cryptography"
"6639d72bb9c725a1d3ed3e13","Workshop on Job Scheduling Strategies for Parallel Processing"
"6639d730b9c725a1d3ed3e19","Workshop on Programming Languages and Operating Systems"
"6639d737b9c725a1d3ed3e1f","World Conference on Information Systems and Technologies"
"6639d0c02aa97d8b888060d5","International Conference on Internet Technologies and Applications"
"6639d0b92aa97d8b888060cf","International Conference on Internet Computing in Science and Engineering"
"6639d111387369a8970585dd","International Conference on Knowledge Science, Engineering and Management"
"6639d124387369a8970585f1","International Conference on Machine Learning and Cybernetics"
"6639d14e387369a89705861b","International Conference on Network and Service Management (amalgamation of DSOM and related workshops from 2010)"
"6639d160387369a89705862d","International Conference on Parallel and Distributed Processing Techniques and Applications"
"6639d177387369a897058641","International Conference on Principles and Practice of Declarative Programming"
"6639d1a9387369a897058671","International Conference on Smart homes and health Telematics"
"6639d1b3387369a89705867b","International Conference on Software Engineering Advances"
"6639d1b9387369a897058681","International Conference on Software Engineering, Artificial Intelligence, Networking and Parallel/Distributed Computing"
"6639d33e8fb9939b82bceb01","International Conference on User Modelling, Adaptation, and Personalization (was AH and UM)"
"6639d35c8fb9939b82bceb1b","International Congress on Computational and Applied Mathematics"
"6639d3698fb9939b82bceb27","International FLINS Conference on Robotics and Artificial Intelligence (was International Fuzzy Logic and Intelligent technologies in Nuclear Science Conference)"
"6639d36b8fb9939b82bceb29","International Frontiers of Algorithmics Workshop"
"6639d37c8fb9939b82bceb37","International Joint Conference on Natural Language Processing"
"6639d3898fb9939b82bceb3f","International Machine Vision and Image Processing Conference"
"6639d3a38fb9939b82bceb57","International Symposium on Artificial Intelligence and Mathematics"
"6639d3b38fb9939b82bceb65","International Symposium on Computational Geometry"
"6639d3c48fb9939b82bceb73","International Symposium on Foundations of Intelligent Systems"
"6639d3d18fb9939b82bceb7f","International Symposium on Information Theory and Its Applications"
"6639d3d78fb9939b82bceb83","International Symposium on Intelligent Systems and Informatics"
"6639d3f08fb9939b82bceb99","International Symposium on Parameterized and Exact Computation (was IWPEC pre 2004)"
"6639d4fb4fd45eb8c2e67066","International Work-Conference on Artificial and Natural Neural Networks"
"6639d5214fd45eb8c2e67086","International Workshop on Functional and Constraint Logic Programming"
"6639d5354fd45eb8c2e67096","International Workshop on Post-Quantum Cryptography"
"6639d5434fd45eb8c2e670a2","International Workshop on the Algorithmic Foundations of Robotics"
"6639d54a4fd45eb8c2e670a8","International Workshops on Enabling Technologies: Infrastructures for Collaborative Enterprises"
"6639d5564fd45eb8c2e670b2","ISCA International Conference on Computer Applications in Industry and Engineering"
"6639d5614fd45eb8c2e670bc","Knowledge Domain Visualisation"
"6639d56e4fd45eb8c2e670c6","Latin-American Algorithms, Graphs and Optimization Symposium"
"6639d5984fd45eb8c2e670ea","Network and Operating System Support for Digital Audio and Video"
"6639d5c44fd45eb8c2e67106","Pacific-Rim Symposium on Image and Video Technology"
"6639d5c74fd45eb8c2e67108","Parallel Computing"
"6639d5ce4fd45eb8c2e6710e","Pattern Languages of Programs"
"6639d68fb9c725a1d3ed3d81","Privacy in Statistical Databases"
"6639d696b9c725a1d3ed3d87","Richard Tapia Cel ebration of Diversity in Computing Conference"
"6639d6a3b9c725a1d3ed3d93","SIAM Conference on Optimization"
"6639d6a5b9c725a1d3ed3d95","SIAM International Conference on Data Mining"
"6639d6b4b9c725a1d3ed3da3","Software Product Lines Conference"
"6639d6b5b9c725a1d3ed3da5","Software Quality, Reliability, and Security (was International Conference on Quality Software, QSIC, that merged with SERE 2015)"
"6639d6b7b9c725a1d3ed3da7","Static Analysis Symposium"
"6639d6bbb9c725a1d3ed3dab","Summer Computer Simulation Conference"
"6639d6c5b9c725a1d3ed3db5","Symposium on High Performance Chips"
"6639d6c9b9c725a1d3ed3db9","Symposium on Parallelism in Algorithms and Architectures"
"6639d6cfb9c725a1d3ed3dbf","Symposium On Usable Privacy and Security"
"6639d6d5b9c725a1d3ed3dc5","The ACM International System and Storage Conference"
"6639d6e1b9c725a1d3ed3dcf","The Symposium of Combinatorial Search"
"6639d6f1b9c725a1d3ed3ddb","Usenix Annual Technical Conference"
"6639d6f5b9c725a1d3ed3ddf","Usenix Security Symposium"
"6639d70cb9c725a1d3ed3df7","Workshop on Algorithm Engineering and Experiments"
"6639d721b9c725a1d3ed3e09","Workshop on Constraint Satisfaction for Planning and Scheduling"
"6639d729b9c725a1d3ed3e11","Workshop on Formal Techniques for Java-like Programs"
"6639d73ab9c725a1d3ed3e21","World Congress in Computer Science, Computer Engineering, and Applied Computing"
"6639d10e387369a8970585db","International Conference on Knowledge Engineering and Ontology Development"
"6639d112387369a8970585df","International Conference on Knowledge-Based and Intelligent Information and Engineering Systems"
"6639d11a387369a8970585e7","International Conference on Legal Knowledge and Information Systems"
"6639d133387369a8970585ff","International Conference on Mobile and Ubiquitous Systems: Networks and Services"
"6639d137387369a897058603","International Conference on Mobile Systems and Pervasive Computing"
"6639d154387369a897058621","International Conference on Network Softwarization"
"6639d158387369a897058625","International Conference on Operations Research and Enterprise Systems"
"6639d17e387369a897058647","International Conference on Principles of Security and Trust"
"6639d18b387369a897058655","International Conference on Relational and AlgebraicMethods in Computer Science (was International Conference on Relational Methods in Computer Science RelMiCS)"
"6639d18d387369a897058657","International Conference on Reliable Software Technologies"
"6639d1a6387369a89705866f","International Conference on Similarity Search and Applications"
"6639d3328fb9939b82bceaf7","International Conference on Tools with Artificial Intelligence"
"6639d3658fb9939b82bceb23","International Database Engineering and Applications Symposium"
"6639d36e8fb9939b82bceb2b","International Joint Conference on Artificial Intelligence"
"6639d3748fb9939b82bceb31","International Joint Conference on Biometrics"
"6639d3798fb9939b82bceb35","International Joint Conference on Knowledge Discovery, Knowledge Engineering and Knowledge Management"
"6639d3aa8fb9939b82bceb5d","International Symposium on Automation and Robotics in Construction"
"6639d3cb8fb9939b82bceb79","International Symposium on Grids and Clouds (was International Symposium on Grid Computing)"
"6639d3cf8fb9939b82bceb7d","International Symposium on Information Assurance and Security"
"6639d3ed8fb9939b82bceb97","International Symposium on Parallel and Distributed Computing"
"6639d3f48fb9939b82bceb9d","International Symposium on Robotics Research"
"6639d3fa8fb9939b82bceba1","International Symposium on Software Engineering for Adaptive and Self-Managing Systems"
"6639d3fe8fb9939b82bceba5","International Symposium on Software Reliability Engineering"
"6639d4e24fd45eb8c2e67052","International Symposium on Temporal Representation and Reasoning"
"6639d4e54fd45eb8c2e67054","International Symposium on the Mathematical Theory of Networks and Systems"
"6639d5044fd45eb8c2e6706e","International Workshop on Combinations of Intelligent Methods and Applications"
"6639d5144fd45eb8c2e6707c","International Workshop on Digital Watermarking"
"6639d5174fd45eb8c2e6707e","International Workshop on Document Analysis Systems"
"6639d51e4fd45eb8c2e67084","International Workshop on Formal Methods for interactive Systems"
"6639d5254fd45eb8c2e6708a","International workshop on High-Level Parallel Programming and Applications"
"6639d53e4fd45eb8c2e6709e","International Workshop on Soft Computing Applications"
"6639d54f4fd45eb8c2e670ac","Internet Measurement Conference"
"6639d5694fd45eb8c2e670c2","Language, Data and Knowledge"
"6639d57a4fd45eb8c2e670d0","Machine Vision Applications"
"6639d57d4fd45eb8c2e670d2","Machines, Computations and Universality (was Universal Machines and Computations)"
"6639d5854fd45eb8c2e670da","Measurement and Modeling of Computer Systems"
"6639d5964fd45eb8c2e670e8","National Conference of The Australian Society for Operations Research"
"6639d5b14fd45eb8c2e670fa","Pacific Conference on Computer Graphics and Applications"
"6639d682b9c725a1d3ed3d75","Practical Applications of Agents and Multiagent Systems"
"6639d688b9c725a1d3ed3d7b","Prague Stringology Conference"
"6639d68ab9c725a1d3ed3d7d","Principles and Practice of Parallel Programming"
"6639d68db9c725a1d3ed3d7f","Privacy Enhancing Technologies Symposium (was International Workshop of Privacy Enhancing Technologies)"
"6639d694b9c725a1d3ed3d85","Real Time Systems Symposium"
"6639d69db9c725a1d3ed3d8d","Semantics - International Conference on Semantic Systems"
"6639d6a7b9c725a1d3ed3d97","SIGGRAPH Asia"
"6639d6adb9c725a1d3ed3d9d","SKLOIS Conference on Information Security and Cryptology"
"6639d6b1b9c725a1d3ed3da1","Software Process Improvement and Capability Determination"
"6639d6ddb9c725a1d3ed3dcb","The International Conference on Verification and Evaluation of Computer and Communication Systems"
"6639d708b9c725a1d3ed3df3","Wireless Days"
"6639d70ab9c725a1d3ed3df5","International Conference on Information Security Theory and Practice"
"6639d71cb9c725a1d3ed3e05","Workshop on Computational Optimization"
"6639d72fb9c725a1d3ed3e17","Workshop on Mobile Computing Systems and Applications"
"6639d114387369a8970585e1","International Conference on Language and Automata Theory and Applications"
"6639d122387369a8970585ef","International Conference on Machine Learning and Applications"
"6639d12c387369a8970585f9","International Conference on Management of Digital EcoSystems"
"6639d13e387369a89705860b","International Conference on Model Transformation"
"6639d15c387369a897058629","International Conference on Pairing-based Cryptography"
"6639d15e387369a89705862b","International Conference on Parallel and Distributed Computing, Applications and Technologies"
"6639d16b387369a897058637","International Conference on Pattern Recognition"
"6639d176387369a89705863f","International Conference on Principles and Practice of Constraint Programming"
"6639d18a387369a897058653","International Conference on Recent Advances in Natural Language Processing"
"6639d18f387369a897058659","International Conference on Research Challenges in Information Science"
"6639d192387369a89705865b","International Conference on Reversible Computation"
"6639d1ac387369a897058675","International Conference on Software and System Processes (was ICSP prior to 2011)"
"6639d1cd387369a897058695","International Conference on the Application and Theory of Petri Nets and Concurrency"
"6639d3268fb9939b82bceaed","International Conference on the Theory and Application of Cryptology and Information Security"
"6639d32b8fb9939b82bceaf1","International Conference on Theorem Proving with Analytic Tableaux and Related Methods"
"6639d3378fb9939b82bceafb","International Conference on Trust, Security and Privacy in Computing and Communications"
"6639d3618fb9939b82bceb1f","International Cross-Domain Conference for Machine Learning and Knowledge Extraction"
"6639d3808fb9939b82bceb39","International Joint Conference on Rough Sets (2014 International Conference on Rough Sets and Current Trends in Computing joined with 3 others)"
"6639d3838fb9939b82bceb3b","International Joint Conference on Rules and Reasoning"
"6639d3908fb9939b82bceb45","International Picture Coding Symposium"
"6639d3988fb9939b82bceb4d","International Symposium on Algorithmic Game Theory"
"6639d5284fd45eb8c2e6708c","International Workshop on High-Level Parallel Programming Models and Supportive Environments"
"6639d5454fd45eb8c2e670a4","International Workshop on Visualization for Cyber Security"
"6639d54c4fd45eb8c2e670aa","International World Wide Web Conference"
"6639d55b4fd45eb8c2e670b6","Joint Conference on Computer Vision, Imaging and Computer Graphics Theory and Applications (GRAPP and VISAPP combined from 2008)"
"6639d5874fd45eb8c2e670dc","Medical Image Computing and Computer-Assisted Intervention"
"6639d59a4fd45eb8c2e670ec","New Security Paradigms Workshop"
"6639d5a74fd45eb8c2e670f4","North American Association for Computational Linguistics"
"6639d5aa4fd45eb8c2e670f6","Onward Software Engineering"
"6639d5b54fd45eb8c2e670fc","Pacific Rim International Conference on Artificial Intelligence"
"6639d5c94fd45eb8c2e6710a","Parallel Problem Solving from Nature"
"6639d67fb9c725a1d3ed3d73","Portuguese Conference on Artificial Intelligence"
"6639d69fb9c725a1d3ed3d8f","SGAI International Conference on Artificial Intelligence"
"6639d6a1b9c725a1d3ed3d91","SIAM Conference on Discrete Mathematics"
"6639d6c7b9c725a1d3ed3db7","Symposium on Networked Systems, Design and Implementation"
"6639d6cdb9c725a1d3ed3dbd","Symposium on Stabilization, Safety, and Security of Distributed Systems"
"6639d6fdb9c725a1d3ed3de7","Verification, Model Checking and Abstract Interpretation"
"6639d6ffb9c725a1d3ed3de9","Visual Analytics"
"6639d723b9c725a1d3ed3e0b","Workshop on Cryptographic Hardware and Embedded Systems"
"6639d735b9c725a1d3ed3e1d","World Conference on Educational Multimedia, Hypermedia and Telecommunications"