_id,title,link1,link2,link3,link4,selectedLink,isTrue
"""6639c033647e53b594533c8d""","ACM Conference on Applications, Technologies, Architectures, and Protocols for Computer Communication",https://conferences.sigcomm.org/sigcomm/2024/,https://conferences.sigcomm.org/sigcomm/2024/cfp/,https://conferences.sigcomm.org/sigcomm/2024/tpc/,https://conferences.sigcomm.org/sigcomm/2024/cf-workshops/,https://conferences.sigcomm.org/sigcomm/2024/cfp/,link2
"""6639c03c647e53b594533c95""",ACM Conference on Embedded Networked Sensor Systems,http://sensys.acm.org/2024/,http://sensys.acm.org/2024/cfp/,http://sensys.acm.org/2024/sponsors/,https://sensys.acm.org/,https://sensys.acm.org/2024/cfp/,link2
"""6639c048647e53b594533ca3""",ACM International Conference on Emerging Networking Experiments and Technologies,https://www.footyheadlines.com/2023/11/adidas-conext-24-ball-to-be-used-in-fifa-club-world-cup.html,https://www.footyheadlines.com/2023/11/adidas-conext-24-ball-to-be-used-in-fifa-club-world-cup.html,https://www.soccerplususa.com/adidas/adidas-conext-2024-league-ball-46837,https://www.footyheadlines.com/2023/11/adidas-conext-24-ball-to-be-used-in-fifa-club-world-cup.html,https://conferences.sigcomm.org/co-next/2024/#!/home,
"""6639c075647e53b594533cd5""",ACM Special Interest Group on Management of Data Conference,https://2024.sigmod.org/,https://2024.sigmod.org/calls_papers_important_dates.shtml,https://2024.sigmod.org/calls_papers_sigmod_research.shtml,https://2024.sigmod.org/registrations.shtml,https://2024.sigmod.org/calls_papers_sigmod_research.shtml,link3
"""6639c079647e53b594533cd9""","ACM Symposium on Access Control Models and Technologies (previously ACM Workshop on Role-Based Access Control, RBAC, changed in 2000)",https://www.sacmat.org/2024/call-for-papers.php,https://www.sacmat.org/2024/about.php,https://www.sacmat.org/,https://www.sacmat.org/2024/venue.php,https://www.sacmat.org/2024/call-for-papers.php,link1
"""6639c081647e53b594533ce1""",ACM Symposium on Principles of Distributed Computing,https://www.podc.org/podc2024/,https://www.podc.org/podc2024/call-for-papers/,https://www.podc.org/podc2024/list-of-accepted-papers/,https://www.podc.org/podc2024/schedule/,https://www.podc.org/podc2024/call-for-papers/,link2
"""6639c1686e0c3f3fe99c55fd""",ACM-SIGRAPH Interactive 3D Graphics and Games,https://i3dsymposium.org/2024/,https://i3dsymposium.org/2024/cfp.html,https://i3dsymposium.org/2024/committee.html,https://i3dsymposium.org/2024/papers.html,https://i3dsymposium.org/2024/index.html,
"""6639c16e6e0c3f3fe99c5603""","ACM/IEEE International Conference on Modelling, Analysis and Simulation of Wireless and Mobile Systems",https://sigsim.acm.org/no-international-conference-on-modeling-analysis-and-simulation-of-wireless-and-mobile-systems-mswim-in-2024/,https://mswimconf.com/,https://www.openresearch.org/wiki/MSWiM,https://mswimconf.com/,https://mswimconf.com/2023/,
"""6639c1736e0c3f3fe99c5609""",ACM/SIAM Symposium on Discrete Algorithms,https://www.siam.org/conferences/cm/conference/soda24,https://www.siam.org/conferences/cm/program/accepted-papers/soda24-accepted-papers,https://www.siam.org/conferences/cm/submissions-and-deadlines/soda24-submissions-deadlines,https://evoq-eval.siam.org/conferences/cm/program/soda24,https://www.siam.org/conferences/cm/conference/soda24,link1
"""6639c04d647e53b594533ca9""",ACM International Conference on Knowledge Discovery and Data Mining,https://kdd2024.kdd.org/,https://kdd2024.kdd.org/research-track-call-for-papers/,https://kdd2024.kdd.org/applied-data-science-ads-track-call-for-papers/,https://kdd2024.kdd.org/registration/,https://kdd2024.kdd.org/research-track-call-for-papers/,link2
"""6639c05e647e53b594533cbb""",ACM International Symposium on High Performance Distributed Computing,https://www.hpdc.org/2024/,https://www.hpdc.org/2024/calls-cfp.html,https://www.hpdc.org/2024/organization.html,https://www.hpdc.org/2024/calls.html,https://www.hpdc.org/2024/calls-cfp.html,link2
"""6639c060647e53b594533cbd""",ACM International Wireless Communications and Mobile Computing Conference,https://iwcmc.net/2024/index.php,https://iwcmc.net/2024/Symposia.php,https://iwcmc.net/2024/registration.php,https://iwcmc.net/2024/Workshops.php,https://iwcmc.net/2024/index.php,link1
"""6639c061647e53b594533cbf""",ACM Multimedia,https://2024.acmmm.org/,https://2024.acmmm.org/important-dates,https://2024.acmmm.org/regular-papers,https://2024.acmmm.org/major_differences,https://2024.acmmm.org/,link1
"""6639c063647e53b594533cc1""",ACM SIG International Conference on Computer Graphics and Interactive Techniques,https://s2024.siggraph.org/,https://s2024.siggraph.org/register/,https://s2024.siggraph.org/programs-events/,https://s2024.siggraph.org/about-the-conference/,https://s2024.siggraph.org/program/technical-papers/,
"""6639c07d647e53b594533cdd""",ACM Symposium on Document Engineering,http://www.documentengineering.org/doceng2024,http://www.documentengineering.org/doceng2024,http://www.documentengineering.org/doceng2024/program,https://doceng.org/doceng2024/venue,https://www.documentengineering.org/doceng2024,link1
"""6639c03f647e53b594533c99""",ACM Conference on Object Oriented Programming Systems Languages and Applications,https://2024.splashcon.org/track/splash-2024-oopsla,https://2024.splashcon.org/track/splash-2024-oopsla,https://2024.splashcon.org/track/splash-2024-oopsla-artifacts,https://oopsla24.hotcrp.com/,https://2024.splashcon.org/track/splash-2024-oopsla#Call-for-Papers,
"""6639c030647e53b594533c89""",AAAI Conference on Human Computation and Crowdsourcing,https://twitter.com/hcomp_conf?ref_src=twsrc%5Egoogle%7Ctwcamp%5Eserp%7Ctwgr%5Eauthor,https://twitter.com/hcomp_conf/status/1808267065213485205?ref_src=twsrc%5Egoogle%7Ctwcamp%5Eserp%7Ctwgr%5Etweet%7Ctwtr%5Etrue,https://twitter.com/hcomp_conf/status/1808267065213485205/photo/1,https://twitter.com/hcomp_conf/status/1808267065213485205/photo/1,https://www.humancomputation.com/,
"""6639c045647e53b594533c9f""","ACM International Conference on Advances in Computer Entertainment (merged with DIMEA, Digital Interactive Media in Entertainment and Arts, in 2009)",https://acepune2024.com/,https://acepune2024.com/,https://www.facebook.com/isbeventteam/videos/isb-games-2024-ace-ace-out-the-face-off/1040774474045939/,https://www.facebook.com/isbeventteam/videos/isb-games-2024-ace-ace-out-the-face-off/1040774474045939/,,
"""6639c065647e53b594533cc3""",ACM SIGGRAPH/Eurographics Symposium on Computer Animation,https://scahq.org/event/2024-annual-meetings-workshops/,https://smartcityasia.vn/hon-500-doanh-nghiep-tham-gia-trien-lam-sca-2024/,https://ssiam.com.vn/ssiam/cong-bo-thong-tin-ssi-sca-cbtt-chi-tiet/ssi-sca-cong-bo-thong-tin-nghi-quyet-va-bien-ban-hop-dai-hoi-nha-dau-tu-thuong-nien-nam-2024,https://xliiicoffee.com/journal/he-thong-chung-chi-ky-nang-ca-phe-moi-nam-2024-cua-sca-barista-nen-biet/,https://computeranimation.org/,
"""6639c06b647e53b594533cc9""",ACM SIGOPS Symposium on Operating Systems Principles,https://sigops.org/s/conferences/sosp/2024/,https://sigops.org/s/conferences/sosp/2024/cfp.html,https://sigops.org/s/conferences/sosp/2024/cfw.html,https://sigops.org/s/conferences/sosp/2024/organizers.html,https://sigops.org/s/conferences/sosp/2024/cfp.html,link2
"""6639c06d647e53b594533ccb""","ACM SIGPLAN Conference on Languages, Tools, and Compilers for Embedded Systems",https://lctes24.hotcrp.com/,https://pldi24.sigplan.org/home/LCTES-2024,https://conf.researchr.org/series/LCTES,https://conf.researchr.org/signup/LCTES-2024,https://pldi24.sigplan.org/home/LCTES-2024,link2
"""6639c070647e53b594533ccf""",ACM SIGSIM Conference on Principles of Advanced Discrete Simulation (was Parallel and Distributed Simulation),https://sigsim.acm.org/conf/pads/2024/,https://sigsim.acm.org/conf/pads/,https://shopee.vn/search?keyword=pads,https://www.liwapads.com/blog/top-10-sanitary-pads-for-heavy-flow-2024,https://sigsim.acm.org/conf/pads/2024/,link1
"""6639c084647e53b594533ce5""",ACM Symposium on Theory of Computing,https://acm-stoc.org/stoc2024/,https://acm-stoc.org/stoc2024/accepted-papers.html,https://acm-stoc.org/stoc2024/stoc2024-cfp.html,https://acm-stoc.org/stoc2024/keynotes.html,https://acm-stoc.org/stoc2024/,link1
"""6639c1666e0c3f3fe99c55fb""",ACM-SIGPLAN Conference on Programming Language Design and Implementation,https://pldi24.sigplan.org/,https://pldi24.sigplan.org/track/pldi-2024-papers,https://pldi24.sigplan.org/dates,https://pldi24.sigplan.org/attending/registration,https://pldi24.sigplan.org/track/pldi-2024-papers#Call-for-Papers,
"""6639c1796e0c3f3fe99c560f""",Advanced Concepts for Intelligent Vision Systems,http://acivs.org/,http://acivs.org/acivs2023/,https://acivs.net/,https://www.instagram.com/acivs_net/p/C5GTl-FsQnH/,http://acivs.org/acivs2023/,link2
"""6639c038647e53b594533c91""",ACM Conference on Computer Supported Cooperative Work,https://cscw.acm.org/2024/,https://cscw.acm.org/2024/index.php/submit-papers/,https://cscw.acm.org/2024/index.php/submit-posters/,https://cscw.acm.org/2024/index.php/submit-workshop/,https://cscw.acm.org/2024/index.php/submit-papers/,link2
"""6639c04a647e53b594533ca5""",ACM International Conference on Information and Knowledge Management,https://cikm2024.org/,https://cikm2024.org/call-for-papers/,https://cikm2024.org/call-for-short-research-papers/,https://cikm2024.org/call-for-resource-papers/,https://cikm2024.org/,link1
"""6639c053647e53b594533caf""",ACM International Conference on Research and Development in Information Retrieval,https://sigir-2024.github.io/,https://sigir-2024.github.io/call_for_papers.html,https://sigir-2024.github.io/program_papers.html,https://sigir-2024.github.io/call_for_short_papers.html,https://sigir-2024.github.io/,link1
"""6639c055647e53b594533cb1""",ACM International Conference on Supercomputing,https://www.ics.org/2024,https://ics2024.github.io/,https://ics2024.github.io/cfp.html,https://ics2024.github.io/program.html,https://ics2024.github.io/cfp.html,link3
"""6639c059647e53b594533cb5""",ACM International Conference on Web Search and Data Mining,https://www.wsdm-conference.org/2024/,https://www.wsdm-conference.org/2024/call-for-papers/,https://www.wsdm-conference.org/2024/accepted-papers/,https://www.wsdm-conference.org/2024/schedule/,https://www.wsdm-conference.org/2024/call-for-papers/,link2
"""6639c06e647e53b594533ccd""",ACM SIGPLAN Workshop on Partial Evaluation and Program Manipulation,https://popl24.sigplan.org/home/pepm-2024,https://conf.researchr.org/series/pepm,https://prg.is.titech.ac.jp/news/pepm2024-cps/,https://prg.is.titech.ac.jp/news/pepm-2024/,https://popl24.sigplan.org/home/pepm-2024,link1
"""6639c16c6e0c3f3fe99c5601""",ACM/IEEE International Conference on Human-Robot Interaction,https://hripioneers.org/,https://hripioneers.org/archive/,https://www.facebook.com/HRITuyenDungIT/?locale=vi_VN,https://humanrobotinteraction.org/2024/,https://humanrobotinteraction.org/2024/fullpaper/,
"""6639c031647e53b594533c8b""","ACIS Conference on Software Engineering Research, Management and Applications",https://acisinternational.org/conferences/sera-2024/,https://sera.vn/collections/qua-tet-2024,https://firemouthaquaristic.com/en/products/calendario-anual-sera-2024,https://www.sera.de/us/service/info/together-for-wildlife-conservation-with-the-new-sera-calendar-2024/,https://acisinternational.org/conferences/sera-2024/,link1
"""6639c03a647e53b594533c93""",ACM Conference on Economics and Computation,https://ec24.sigecom.org/,https://ec24.sigecom.org/call-for-contributions-acm/papers/,https://ec24.sigecom.org/comittees/program-committee/,https://ec24.sigecom.org/program/accepted-papers/,https://ec24.sigecom.org/,link1
"""6639c035647e53b594533c8f""",ACM Conference on Computer and Communications Security,https://ccs24.cssociety.org/,https://ccs24.cssociety.org/satellites/,https://ccs24.cssociety.org/satellites-programme/,https://ccs24.cssociety.org/registration/,https://www.sigsac.org/ccs/CCS2024/call-for/call-for-papers.html,
"""6639c069647e53b594533cc7""",ACM SIGMOD-SIGACT-SIGART Conference on Principles of Database Systems,https://2024.sigmod.org/calls_papers_pods_research.shtml,https://www.amazon.science/conferences-and-events/sigmod-pods-2024,https://pods.org/spring-forum-2024/,https://vaping101.co.uk/blogs/hardware-blogs/the-best-vape-pods-of-2024,https://2024.sigmod.org/calls_papers_pods_research.shtml,link1
"""6639c073647e53b594533cd3""",ACM Special Interest Group on Computer Science Education Conference,https://sigcse2024.sigcse.org/,https://sigcse2024.sigcse.org/program/program-sigcse-ts-2024/,https://sigcse2024.sigcse.org/track/sigcse-ts-2024-Papers-1,https://sigcse2024.sigcse.org/dates,https://sigcse2024.sigcse.org/,link1
"""6639c077647e53b594533cd7""",ACM Special Interest Group on Supporting Group Work (was SIGGRoup),https://baodongnai.com.vn/doanh-nhan-doanh-nghiep/dich-vu/202407/le-ky-niem-thai-binh-2024-hoa-binh-events-group-gop-phan-tao-nen-mot-su-kien-dac-biet-y-nghia-5764e30/,https://vietstock.vn/2024/07/sk-group-don-luc-vao-cuoc-dua-ai-va-chip-du-dinh-huy-dong-56-ty-usd-773-1203720.htm,https://nguoiquansat.vn/giam-my-tang-nhat-cong-ty-thuy-san-nha-pan-group-bao-doanh-so-95-trieu-usd-sau-nua-dau-nam-2024-140894.html,https://eki.com.vn/to-chuc-tap-huan-chuong-trinh-tuyen-sinh-cua-ek-group-2024/,https://group.acm.org/conferences/group25/papers.php,
"""6639c1606e0c3f3fe99c55f5""",ACM Virtual Reality Software and Technology,https://vrst.hosting.acm.org/vrst2024/,https://vrst.acm.org/,https://vrst.hosting.acm.org/vrst2024/,https://vrst.acm.org/vrst2023/,https://vrst.hosting.acm.org/vrst2024/submitting/,
"""6639c1756e0c3f3fe99c560b""",ACM/SPEC International Conference on Performance Engineering,https://icpe2024.spec.org/,https://icpe2024.spec.org/registration/,https://icpe2024.spec.org/accepted-papers/,https://icpe2024.spec.org/important-dates/,https://icpe2024.spec.org/,link1
"""6639c04f647e53b594533cab""",ACM International Conference on Mobile Computing and Networking,https://www.sigmobile.org/mobicom/2024/,https://www.sigmobile.org/mobicom/2024/cfp.html,https://www.sigmobile.org/mobicom/2024/committee.html,https://www.sigmobile.org/mobicom/2024/workshop_cfp.html,https://www.sigmobile.org/mobicom/2024/,link1
"""6639c16a6e0c3f3fe99c55ff""",ACM/IEEE International Conference on Distributed Smart Cameras,https://www.researchgate.net/figure/Study-flowchart-ICDSC-intensive-care-delirium-screening-checklist-ICU-intensive-care_fig1_354724272,https://www.researchgate.net/figure/Comparison-of-CAM-ICU-and-ICDSC-for-delirium-diagnosis_fig2_233889061,https://www.researchgate.net/figure/Visual-representation-of-the-a-CAM-ICU-7-and-b-ICDSC-as-measurements-of-the-spectrum-of_fig2_346980634,https://www.researchgate.net/figure/Percentage-of-patients-diagnosed-with-delirium-DOS-ICDSC-scores-within-type-of-care_fig2_326388552,,
"""6639c1716e0c3f3fe99c5607""",ACM/IFIP/USENIX International Middleware Conference,https://middleware-conf.github.io/2024/,https://middleware-conf.github.io/2024/calls/call-for-research-papers/,https://middleware-conf.github.io/post/middleware2024/,https://middleware-conf.github.io/2024/conference-registration/,https://middleware-conf.github.io/2024/,link1
"""6639c05c647e53b594533cb9""",ACM International Symposium on Computer Architecture,https://www.isca.org.sg/iscaacademy/isca-conference-2024,https://iscaschools.com/isca-2024/,https://iscainfo.com/event-5240402,https://isca24.hotcrp.com/,https://iscaconf.org/isca2024/,
"""6639c083647e53b594533ce3""",ACM Symposium on Solid and Physical Modelling,https://thoibaotaichinhvietnam.vn/dai-hoi-dong-co-dong-cong-ty-spm-thong-qua-ke-hoach-kinh-doanh-nam-2024-day-than-trong-154123.html,https://vietstock.vn/2024/07/dhdcd-spm-giam-muc-tieu-sau-nam-di-lui-737-1203175.htm,https://spm.com.vn/tai-lieu-cong-bo-sau-dai-hoi-2024,https://s.cafef.vn/spm-2013639/spm-quy-che-lam-viec-dhdcd-thuong-nien-2024.chn,https://spmconf.github.io/SPM2024/CfP.html,
"""6639c15e6e0c3f3fe99c55f3""",ACM Symposium on User Interface Software and Technology,https://uist.acm.org/,https://uist.acm.org/2024/cfp/,https://uist.acm.org/2024/author-guide/,https://uist.acm.org/2024/organizers/,https://uist.acm.org/2024/cfp/,link2
"""6639c1646e0c3f3fe99c55f9""",ACM-SIGACT Symposium on Principles of Programming Languages,https://popl24.sigplan.org/,https://popl24.sigplan.org/dates,https://popl24.sigplan.org/attending/registration,https://popl24.hotcrp.com/,https://popl24.sigplan.org/track/POPL-2024-popl-research-papers#POPL-2024-Call-for-Papers,
"""6639c1776e0c3f3fe99c560d""",ACS/IEEE International Conference on Computer Systems and Applications,https://www.conferencelists.org/event/the-acs-ieee-21st-international-conference-on-computer-systems-and-applications-aiccsa-2024/,https://aiccsa.net/AICCSA2024/,https://aiccsa.net/AICCSA2024/call-for-papers/,https://aiccsa.net/AICCSA2024/important-dates/,https://aiccsa.net/AICCSA2024/call-for-papers/,link3
"""6639c041647e53b594533c9b""",ACM Conference on Security and Privacy in Wireless and Mobile Networks,https://twitter.com/acm_wisec,https://x.com/acm_wisec/status/1771835516297662703?lang=vi,https://twitter.com/acm_wisec/status/1786240903545524630,https://mobile.x.com/acm_wisec/status/1775080239296835928,https://wisec2024.kaist.ac.kr/,
"""6639c046647e53b594533ca1""",ACM International Conference on Advances in Geographic Information Systems,https://sigspatial2024.sigspatial.org/,https://sigspatial2024.sigspatial.org/,https://sigspatial2024.sigspatial.org/cfp/,https://sigspatial2024.sigspatial.org/org/,https://sigspatial2024.sigspatial.org/cfp/,link3
"""6639c051647e53b594533cad""",ACM International Conference on Recommender Systems,https://recsys.acm.org/recsys24/,https://recsys.acm.org/recsys24/dates/,https://recsys.acm.org/recsys24/call/,https://recsys.acm.org/recsys24/challenge/,https://recsys.acm.org/recsys24/,link1
"""6639c057647e53b594533cb3""","ACM International Conference on the Foundations of Software Engineering (was ESEC/FSE, changed 2024; duplicate previously listed as ESEC, removed from DB)",https://conf.researchr.org/home/fse-2024,https://fse.iacr.org/2024/,https://fse.iacr.org/2024/callforpapers.php,https://fse.iacr.org/2024/program.php,https://2024.esec-fse.org/track/fse-2024-research-papers#Call-for-Papers,
"""6639c067647e53b594533cc5""","ACM SIGMOBILE International Conference on Mobile Systems, Applications and Services",https://www.sigmobile.org/mobisys/2024/,https://www.sigmobile.org/mobisys/2024/program.html,https://www.sigmobile.org/mobisys/2024/cfp.html,https://www.sigmobile.org/mobisys/2024/accepted-papers.html,https://www.sigmobile.org/mobisys/2024/,link1
"""6639c07f647e53b594533cdf""",ACM Symposium on Mobile Ad Hoc Networking and Computing,https://www.sigmobile.org/mobihoc/2024/,https://www.sigmobile.org/mobihoc/2024/cfp.html,https://www.sigmobile.org/mobihoc/2024/cfw.html,https://www.sigmobile.org/mobihoc/2024/cf-posters-demos.html,https://www.sigmobile.org/mobihoc/2024/,link1
"""6639c17b6e0c3f3fe99c5611""",Advanced Visual Interfaces,https://avi2024.dibris.unige.it/,https://avi2024.dibris.unige.it/workshops,https://avi2024.dibris.unige.it/program,https://avi2024.dibris.unige.it/conference/registration,https://avi2024.dibris.unige.it/,link1
"""6639c1886e0c3f3fe99c561f""",Annual Computer Security Applications Conference,https://www.acsac.org/2024/submissions/papers/,https://www.acsac.org/2024/committees/program/,https://www.acsac.org/2024/submissions/papers/artifacts/,https://www.acsac.org/2024/submissions/papers/what_makes_a_good_paper.php,https://www.acsac.org/2024/submissions/papers/,link1
"""6639c17e6e0c3f3fe99c5615""",Advances in Modal Logic,https://www.cs.cas.cz/aiml2024/,https://acisinternational.org/conferences/aiml2024/,http://www.aiml.net/,https://www.cs.cas.cz/aiml2024/cfp.html,https://www.cs.cas.cz/aiml2024/,link1
"""6639c19d6e0c3f3fe99c5635""",Architectural Support for Programming Languages and Operating Systems,https://asplos-conference.org/asplos2024/index.html,https://www.asplos-conference.org/asplos2024/main-program/index.html,https://www.asplos-conference.org/asplos2024/cfp/index.html,https://asplos-conference.org/cfp/,https://www.asplos-conference.org/asplos2024/,link2
"""6639c2594931f50e65517e1f""",Association for Computer-Aided Architectural Design Research in Asia (CAADRIA) annual conference,https://caadria2024.org/,https://caadria2024.org/registration/,https://caadria2024.org/submissions/,https://caadria2024.org/conference/,https://caadria2024.org/,link1
"""6639c2784931f50e65517e3f""",Automation of Software Test,https://conf.researchr.org/home/ast-2024,https://conf.researchr.org/home/ast-2024,https://clsi.org/ast-2024/,https://clsi.org/ast-2024/,https://conf.researchr.org/home/ast-2024#Call-for-Papers,
"""6639c1916e0c3f3fe99c5629""",Annual Meeting of the Cognitive Science Society,https://cognitivesciencesociety.org/cogsci-2024/,https://cognitivesciencesociety.org/cogsci-2024-mentoring-program/,https://sosc.hkust.edu.hk/events/cogsci2024,https://classes.berkeley.edu/content/2024-fall-cogsci-1-001-lec-001,https://cognitivesciencesociety.org/cogsci-2024/,link1
"""6639c19c6e0c3f3fe99c5633""",Applied Computing Conference,https://accscientificsession.acc.org/,https://accscientificsession.acc.org/Information-Pages/future-meetings,https://accscientificsession.acc.org/Registration-and-Hotels,https://accscientificsession.acc.org/en/Plan-Your-Program,https://www.computing-conf.org/,
"""6639c19f6e0c3f3fe99c5637""",Artificial Intelligence Applications and Innovations,https://ifipaiai.org/2024/,https://ifipaiai.org/2024/important-dates/,https://ifipaiai.org/2024/paper-submission/,https://ifipaiai.org/2024/proceedings/,https://ifipaiai.org/2024/,link1
"""6639c1ad6e0c3f3fe99c5645""",Asia Pacific Symposium on Intelligent and Evolutionary Systems (was Australia-Japan Joint Workshop on Intelligent and Evolutionary Systems),https://ies.pens.ac.id/,https://ies.pens.ac.id/,https://ies.pens.ac.id/2024/,https://ies.pens.ac.id/2024/author-information-ies2024/,,
"""6639c1b66e0c3f3fe99c564f""",Asia-Pacific Software Engineering Conference,https://conf.researchr.org/home/apsec-2024,https://conf.researchr.org/series/apsec,https://conf.researchr.org/home/apsec-2024,https://conf.researchr.org/home/apsec-2024,https://conf.researchr.org/track/apsec-2024/apsec-2024-technical-track#Call-for-Papers-Technical-Track,
"""6639c17c6e0c3f3fe99c5613""",Advances in Cryptology,https://crypto.iacr.org/2024/,https://crypto.iacr.org/2024/callforpapers.php,https://crypto.iacr.org/2024/papersubmission.php,https://crypto.iacr.org/2024/callforartifacts.php,https://crypto.iacr.org/2024/,link1
"""6639c18c6e0c3f3fe99c5623""",Annual Conference on Innovation and Technology in Computer Science Education,https://iticse.acm.org/2024/,https://iticse.acm.org/2024/call-for-papers/,https://iticse.acm.org/2024/call-for-participation/,https://iticse.acm.org/2024/registration/,https://iticse.acm.org/2024/,link1
"""6639c1976e0c3f3fe99c562f""",Applications of Information Visualization,https://tnpsc-group-iv-app-2024.soft112.com/,https://tnpsc-group-iv-app-2024.soft112.com/,https://ivapp.scitevents.org/,https://www.jvrb.org/conferences/ivapp-2024-15th-international-conference-on-information-visualization-theory-and-applications,https://ivapp.scitevents.org/,link3
"""6639c1a16e0c3f3fe99c5639""",Artificial Intelligence in Medicine in Europe,https://aime24.aimedicine.info/,https://aime24.aimedicine.info/papers-and-posters/,https://aime24.aimedicine.info/workshop/,https://aime24.aimedicine.info/registration/,https://aime24.aimedicine.info/,link1
"""6639c1816e0c3f3fe99c5617""",Advances in Neural Information Processing Systems (was NIPS),https://neurips.cc/,https://neurips.cc/Conferences/2024/CallForPapers,https://neurips.cc/Conferences/2024/CallForDatasetsBenchmarks,https://neurips.cc/Conferences/FutureMeetings,https://neurips.cc/Conferences/2024,link2
"""6639c18f6e0c3f3fe99c5627""",Annual International Workshop on Presence,https://ispr2024.sciencesconf.org/,https://ispr.academy/2024/,https://ispr2024lko.in/,https://csita2024.org/ispr/index,,
"""6639c19a6e0c3f3fe99c5631""",Applications of Natural Language to Data Bases,https://nldb2024.di.unito.it/,https://nldb2024.di.unito.it/,https://nldb2024.di.unito.it/submissions/,https://nldb2024.di.unito.it/program/,https://nldb2024.di.unito.it/,link1
"""6639c1ae6e0c3f3fe99c5647""",Asia-Pacific Bioinformatics Conference,https://www.facebook.com/eravietnamnetwork/videos/s%E1%BB%B1-ki%E1%BB%87n-apbc-2024-apac-business-conference-2024-%C4%91%C3%A3-di%E1%BB%85n-ra-th%C3%A0nh-c%C3%B4ng-t%E1%BA%A1i-singap/1242291076726918/,https://www.facebook.com/eravietnamnetwork/videos/s%E1%BB%B1-ki%E1%BB%87n-apbc-2024-apac-business-conference-2024-%C4%91%C3%A3-di%E1%BB%85n-ra-th%C3%A0nh-c%C3%B4ng-t%E1%BA%A1i-singap/1242291076726918/,https://www.apbc.org.uk/apbc-conference-2024-speakers/,https://www.facebook.com/oneerasg/videos/apbc-2024/450992357418766/,https://www.apbjc.asia/,
"""6639c27d4931f50e65517e45""",British Machine Vision Conference,https://bmvc2024.org/,https://bmvc2024.org/dates/,https://bmvc2024.org/calls/call-for-papers/,https://bmvc2024.org/authors/submit-your-paper/,https://bmvc2024.org/,link1
"""6639c2814931f50e65517e49""",Cologne-Twente Workshop on Graphs and Combinatorial Optimization,https://ctw2024.ieee-ctw.org/,https://ctw2024.ieee-ctw.org/program,https://ctw2024.ieee-ctw.org/registration,https://ctw2024.ieee-ctw.org/about,https://ctw2023.comtessa.org/,
"""6639c18a6e0c3f3fe99c5621""",Annual Conference on Computer Science Logic,https://csl2024.github.io/Home/,https://csl2024.github.io/Home/,https://www.flashscore.vn/bong-da/canada/csl/,https://www.livesport.com/vn/bong-da/canada/csl/,https://csl2025.github.io/,
"""6639c18d6e0c3f3fe99c5625""","Annual Conference on Privacy, Security and Trust",https://www.pst2024.com/,https://www.pst2024.com/about/scientific/program,https://www.pst2024.com/login,https://www.pst2024.com/about/overview,https://pstnet.ca/pst2024/,
"""6639c1a66e0c3f3fe99c563f""","Asia Conference on Information, Computer and Communications Security",https://asiaccs2024.sutd.edu.sg/,https://asiaccs2024.sutd.edu.sg/dates/,https://asiaccs2024.sutd.edu.sg/cfp/,https://asiaccs2024.sutd.edu.sg/program/,https://asiaccs2024.sutd.edu.sg/,link1
"""6639c1aa6e0c3f3fe99c5643""",Asia Pacific Conference on Communications,https://apcc2024.org/,https://apcc2024.org/call-of-papers/,https://apcc2024.org/registration/,https://apcc2024.org/organizing-committee/,https://apcc2024.org/,link1
"""6639c27a4931f50e65517e41""",Body Sensor Networks,https://bsn.embs.org/2024/,https://bsn.embs.org/2024/registration/,https://bsn.embs.org/2024/contributors/papers/,https://bsn.embs.org/2024/about/organizing-committee/,https://bsn.embs.org/2024/,link1
"""6639c1956e0c3f3fe99c562d""",Application of Concurrency to System Design,https://www.facebook.com/acsdvn/?locale=vi_VN,https://acsd.org/events/,https://acsd2024.univie.ac.at/,https://www.mitani.co.jp/VN/aureole/acsd,,
"""6639c1b46e0c3f3fe99c564d""",Asia-Pacific Services Computing Conference,https://apsccsat.com/,https://apsccsat.com/,https://apscc.or.kr/,https://apscc.or.kr/,,
"""6639c1b76e0c3f3fe99c5651""",Asian Conference on Computer Vision,https://accv2024.org/,https://accv2024.org/organizers/,https://accv2024.org/important-dates/,https://accv2024.org/author-guidelines/,https://accv2024.org/,link1
"""6639c1ba6e0c3f3fe99c5653""",Asian Conference on Intelligent Information and Database Systems,https://aciids.pwr.edu.pl/,https://aciids.pwr.edu.pl/2024/dates.php,https://aciids.pwr.edu.pl/2023/,https://aciids.pwr.edu.pl/2024/sessions.php,https://aciids.pwr.edu.pl/2024/,link2
"""6639c2534931f50e65517e19""",ASIAN Symposium on Programming Languages and Systems,https://conf.researchr.org/home/aplas-2024,https://conf.researchr.org/series/aplas,https://tuyendung.aplas.com.vn/tin-tuc/qua-tet-nguyen-dan-2024.35a554b8/vi,https://conf.researchr.org/home/aplas-2024,https://conf.researchr.org/home/aplas-2024#Call-for-Submissions,
"""6639c2764931f50e65517e3d""",Automated Software Engineering Conference,https://conf.researchr.org/home/ase-2024,https://conf.researchr.org/track/ase-2024/ase-2024-research,https://conf.researchr.org/dates/ase-2024,https://conf.researchr.org/track/ase-2024/ase-2024-nier-track,https://conf.researchr.org/track/ase-2024/ase-2024-research,link2
"""6639c2894931f50e65517e51""",Computer Aided Verification,https://i-cav.org/2024/,https://i-cav.org/2024/call-for-papers/,https://i-cav.org/2024/attending/,https://i-cav.org/2024/workshops/,https://i-cav.org/2024/,link1
"""6639c1836e0c3f3fe99c5619""",Algorithmic Learning Theory,http://algorithmiclearningtheory.org/alt2024/,https://altconference24.ru/,https://altc.alt.ac.uk/2024/,http://algorithmiclearningtheory.org/alt2024/call-for-papers/,http://algorithmiclearningtheory.org/alt2024/,link1
"""6639c1936e0c3f3fe99c562b""",Annual Meeting of the Special Interest Group on Discourse and Dialog,https://2024.sigdial.org/,https://2024.sigdial.org/dates/,https://2024.sigdial.org/call-for-papers/,https://2024.sigdial.org/venue/,https://2024.sigdial.org/,link1
"""6639c1a36e0c3f3fe99c563b""","ArtsIT, Interactivity & Game Creation (was International Conference on Arts and Technology)",https://newsroom.spotify.com/2024-01-31/best-new-artist-2024-nominees/,https://grammy.com/news/2024-grammys-nominees-best-new-artist,https://newsroom.spotify.com/2024-01-10/2024-artists-to-watch/,https://www.complex.com/pigeons-and-planes/a/alex-gardner/new-artists-to-watch-2024,https://artsit.eai-conferences.org/,
"""6639c2834931f50e65517e4b""",Combinatorial Pattern Matching,https://cpm2024.github.io/,https://cpm2024.github.io/registration.html,https://www.ippc.int/en/commission/cpm/cpm-sessions/cpm-18/,https://amis.misa.vn/128498/ma-tran-cpm/,https://cpm2024.github.io/,link1
"""6639c1a56e0c3f3fe99c563d""",Asia and South Pacific Design Automation Conference,https://www.aspdac.com/aspdac2024/welcome/index.html,https://www.aspdac.com/,https://www.aspdac.com/aspdac2025/cfp/,https://www.aspdac.com/aspdac2025/cfd/,https://www.aspdac.com/aspdac2024/welcome/index.html,link1
"""6639c1a86e0c3f3fe99c5641""",Asia Information Retrieval Symposium,https://s.cafef.vn/ast-1983702/dhcd-taseco-airs-ast-ke-hoach-doanh-thu-nam-2024-dat-1350-ty-dong-du-kien-ty-le-co-tuc-2530.chn,https://www.thegioididong.com/may-tinh-bang-apple-ipad-air-m2,https://fptshop.com.vn/tin-tuc/tin-moi/apple-chinh-thuc-ra-mat-ipad-air-2024-184697,https://laptopworld.vn/ipad-air-6-2024,,
"""6639c1b26e0c3f3fe99c564b""",Asia-Pacific Network Operations and Management Symposium,https://www.apnoms.org/,https://noms2024.ieee-noms.org/,https://ieeexplore.ieee.org/xpl/conhome/10258128/proceeding,https://cnom.committees.comsoc.org/conferences/,https://apnoms.org/2023/,
"""6639c2574931f50e65517e1d""",Association for Computational Linguistics,https://2024.aclweb.org/,https://2024.aclweb.org/calls/main_conference_papers/,https://2024.aclweb.org/registration,https://2024.aclweb.org/program/,https://2024.aclweb.org/,link1
"""6639c2854931f50e65517e4d""",Computability in Europe: Logic and Theory of Algorithms,http://events.di.ionio.gr/cie/index.php/en/,https://kbsec.com.vn/Card/cie_meyclub_2024_07_02.phtm,https://cie.org.vn/he-thong-trung-tam-anh-ngu-au-chau-tuyen-dung-giao-vien-nguon-2024,https://ciesandiego.org/cie-summit-2024/,https://events.illc.uva.nl/CiE/CiE2024/Main/,
"""6639c28d4931f50e65517e55""","Computer Animation, Information Visualisation, and Digital Effects",https://www.unl.edu.ar/investigacion/caid-2024/,https://mediamart.vn/meo-vat-doi-song/nam-2024-la-nam-con-gi-menh-gi,https://www.bachhoaxanh.com/kinh-nghiem-hay/nam-2024-la-nam-con-gi-menh-gi-hop-voi-tuoi-nao-1553962,https://laodong.vn/giao-duc/dap-an-mon-lich-su-tot-nghiep-thpt-2024-gay-tranh-cai-bo-gddt-noi-gi-1359143.ldo,,
"""6639c2984931f50e65517e5f""",Conference in Uncertainty in Artificial Intelligence,https://www.auai.org/uai2024/,https://www.auai.org/uai2024/dates,https://www.auai.org/uai2024/call_for_papers,https://www.auai.org/uai2024/schedule,https://www.auai.org/uai2024/,link1
"""6639c2934931f50e65517e5b""",Computer Supported Collaborative Learning,https://2024.isls.org/submitting-to-cscl-icls/,https://ctu.edu/event/cscl-spring-2024-symposium/,https://www.isls.org/annual-meeting/cscl/,https://tc.computer.org/tclt/icalt-2024-track-5-cscl/,,
"""6639c2a04931f50e65517e67""",Conference of the European Society for Fuzzy Logic and Technologies,https://eusflat.org/events-eusflat-events.html,https://www.eusflat.org/,https://www.facebook.com/EUSFLAT/,https://www.facebook.com/EUSFLAT/,https://www.eusflat2023.eu/88603/detail/eusflat-13th-conference-of-the-european-society-for-fuzzy-logic-and-technology-jointly-with-the-ago.html,
"""6639c3b5bf0a76d1ef717bd9""",Designing Interactive Systems,https://dis.acm.org/2024/,https://dis.acm.org/2024/call-for-papers/,https://dis.acm.org/2024/attending-dis24/,https://dis.acm.org/2024/workshops-at-dis2024/,https://dis.acm.org/2024/,link1
"""6639c3bdbf0a76d1ef717be1""",Digital Games Research Conference,https://digraconference2024.org/,https://digraconference2024.org/?page_id=227,https://digraconference2024.org/?page_id=143,https://digraconference2024.org/?page_id=148,https://digraconference2024.org/,link1
"""6639c3c8bf0a76d1ef717bed""","EMAS (merger of DALT, AOSE and PROMAS)",https://emas-conference.com/,https://www.ceitec.eu/emas-2024/a4781,https://www.microbeamanalysis.eu/events/event/72-emas-2024-14th-regional-workshop-on-the-edge-of-new-em-technology,https://nhaphoc.dau.edu.vn/emas-sea-games-2023.shtml,https://emas.in.tu-clausthal.de/2024/,
"""6639c389bf0a76d1ef717bab""",Conference on File and Storage Technologies,https://www.usenix.org/conference/fast24,https://www.usenix.org/conference/fast24,https://www.usenix.org/conference/fast24/call-for-papers,https://www.usenix.org/conference/fast24/technical-sessions,https://www.usenix.org/conference/fast24,link1
"""6639c29e4931f50e65517e65""",Conference of the European Association for Machine Translation,https://eamt2024.sheffield.ac.uk/,https://eamt2024.sheffield.ac.uk/registration,https://eamt2024.sheffield.ac.uk/programme/workshops,https://eamt2024.sheffield.ac.uk/conference-calls,https://eamt2024.sheffield.ac.uk/,link1
"""6639c380bf0a76d1ef717ba1""",Conference on Algebra and Coalgebra in Computer Science,https://www.vietnamworks.com/nha-tuyen-dung/calco-c390623,https://www.tripadvisor.com/Attractions-g1081432-Activities-Calco_Province_of_Lecco_Lombardy.html,https://www.expedia.com/Calco.d6048093.Destination-Travel-Guides,https://www.expedia.com/Calco.d6048093.Destination-Travel-Guides,https://coalg.org/calco-mfps-2023/#calco,
"""6639c382bf0a76d1ef717ba3""",Conference on Algorithmic Aspects in Information and Management,https://www.aaimedicine.org/meetings-and-conferences/aaim-annual-meeting.asp,http://www.aaimk12.org/conference-information.html,https://aaim2024annualconferencesti.sched.com/,https://www.aaimedicine.org/meetings-and-conferences/aaim-annual-meeting.asp,https://theory.utdallas.edu/AAIM2024/index.html,
"""6639c395bf0a76d1ef717bb7""",Conference on Integer Programming and Combinatorial Optimization,https://ipco2024.ii.uni.wroc.pl/,https://ipco2024.ii.uni.wroc.pl/accepted-papers/,https://ipco2024.ii.uni.wroc.pl/registration/,https://ipco2024.ii.uni.wroc.pl/ipco-2024-summer-school/,https://ipco2024.ii.uni.wroc.pl/,link1
"""6639c3acbf0a76d1ef717bcf""",Current Trends in Theory and Practice of Computer Science,https://www.sofsem.cz/,https://www.uni-trier.de/en/universitaet/fachbereiche-faecher/fachbereich-iv/faecher/informatikwissenschaften/professuren/theoretische-informatik/research/conferences-and-workshops/sofsem-2024,https://www.springerprofessional.de/sofsem-2024-theory-and-practice-of-computer-science/26708248,https://www.uni-trier.de/universitaet/fachbereiche-faecher/fachbereich-iv/faecher/informatikwissenschaften/professuren/theoretische-informatik/forschung/tagungen/sofsem-2024,https://www.uni-trier.de/index.php?id=90670&L=2,
"""6639c3b3bf0a76d1ef717bd7""","Design, Automation and Test in Europe Conference",https://www.timeanddate.com/calendar/,https://www.timeanddate.com/calendar/?country=1,https://www.timeanddate.com/calendar/?country=9,https://www.timeanddate.com/calendar/?country=20,https://www.date-conference.com/,
"""6639c3bbbf0a76d1ef717bdf""",Digital Audio Effects Conference,https://dafx24.surrey.ac.uk/,https://dafx24.surrey.ac.uk/call-for-papers/,https://dafx24.surrey.ac.uk/registration/,https://dafx24.surrey.ac.uk/people/,https://dafx24.surrey.ac.uk/,link1
"""6639c3c4bf0a76d1ef717be9""",Dynamic Languages Symposium,https://cellphones.com.vn/sforum/cach-tai-dls-2024,https://fptshop.com.vn/tin-tuc/giai-tri/dls-2024-176702,https://apps.apple.com/us/app/dream-league-soccer-2024/id1462911602?l=vi,https://dream-league-soccer-2023.vi.uptodown.com/android,https://2023.splashcon.org/home/dls-2023,
"""6639c3cdbf0a76d1ef717bf3""",ETHICOMP Conference,https://www.unirioja.es/ethicomp/2024/index.html,https://www.unirioja.es/ethicomp/2024/publications.html,https://www.pop-ai.eu/popai-at-ethicomp-2024/,https://www.pop-ai.eu/popai-at-ethicomp-2024/,https://www.unirioja.es/ethicomp/2024/index.html,link1
"""6639c2964931f50e65517e5d""",Conference for the International Simulation and Gaming Association,https://isaga2024.com/,https://isaga2024.com/contact/,https://isaga2024.com/workshops-and-demos/,https://isaga2024.com/thematic-sessions/,https://isaga2024.com/,link1
"""6639c38dbf0a76d1ef717baf""",Conference on Games (was Computational Intelligence and Games CIG),https://2024.ieee-cog.org/,https://2024.ieee-cog.org/call-proposals/,https://2024.ieee-cog.org/competitions/,https://2024.ieee-cog.org/about/,https://2024.ieee-cog.org/,link1
"""6639c393bf0a76d1ef717bb5""",Conference on Innovative Data Systems Research,https://www.cidrdb.org/cidr2024/,https://www.cidrdb.org/cidr2024/program.html,https://www.cidrdb.org/cidr2024/cfp.html,https://www.cidrdb.org/cidr2024/registration.html,https://www.cidrdb.org/cidr2024/,link1
"""6639c3d1bf0a76d1ef717bf7""",Euro Virtual Reality,https://vi.wikipedia.org/wiki/Gi%E1%BA%A3i_v%C3%B4_%C4%91%E1%BB%8Bch_b%C3%B3ng_%C4%91%C3%A1_ch%C3%A2u_%C3%82u_2024,https://dsc2024.org/,https://www.beyourbest.com/insight/immerse-yourself-into-euro-2024-with-vr-challenges,https://www.sctlogs.com/muv/2024-0629-poki%20b%C3%B3ng%20%C4%91%C3%A1.aspx,https://www.euroxr.org/conference-2024,
"""6639c384bf0a76d1ef717ba5""",Conference on Combinatorial Optimization and Applications,https://www.worldcocoaconference.org/,https://www.worldcocoaconference.org/,https://www.worldcocoaconference.org/program/,https://www.worldcocoaconference.org/registration/,https://theory.utdallas.edu/COCOA2023/cfp.html,
"""6639c399bf0a76d1ef717bbb""","Conference on Interactive Theorem Proving (previously TPHOLs, changed in 2009)",https://www.viam.science.tsu.ge/itp2024/,https://itp-conference.github.io/,https://www.tnut.edu.vn/thong-bao-ke-hoach-du-kien-to-chuc-thi-toefl-itp-toeic-nam-2024-dz14002.html,https://iigvietnam.com/schedule/toefl-itp-6-2-2024-hn-gvm/,https://www.viam.science.tsu.ge/itp2024/,link1
"""6639c3c0bf0a76d1ef717be5""",Discovery Science,https://ttbadminton.vn/store/quan-nam-ds-2024do-1118,https://ttbadminton.vn/store/quan-nu-ds-2024xanh-lo-1110,https://ttbadminton.vn/store/quan-nam-ds-2024vang-1121,https://dailymuabanxe.net/ds-4/,http://ds2024.isti.cnr.it/,
"""6639c3c6bf0a76d1ef717beb""",Educational Data Mining,https://educationaldatamining.org/edm2024/,https://educationaldatamining.org/edm2024/call-for-papers/,https://educationaldatamining.org/edm2024/speakers/,https://educationaldatamining.org/edm2024/important-dates/,https://educationaldatamining.org/edm2024/,link1
"""6639c482078f0b3454c91b7e""",Eurographics/IEEE Symposium on Visualization,https://www.eg.org/wp/event/eurovis-2024/,https://event.sdu.dk/eurovis,https://event.sdu.dk/eurovis/tracks-and-submissions,https://event.sdu.dk/eurovis/eurasiavis,,
"""6639c484078f0b3454c91b80""",Euromicro Conference on Real-Time Systems,https://www.ecrts.org/,https://www.ecrts.org/conference-program/,https://www.ecrts.org/call-for-papers/,https://www.ecrts.org/organizers/,https://www.ecrts.org/,link1
"""6639c37bbf0a76d1ef717b9d""",Conference of the Pacific Association for Computational Linguistics,https://pacling.anu.edu.au/author/pacling/,https://pacling.anu.edu.au/2024/03/15/2024-publications/,https://pacling.anu.edu.au/2024/03/15/2024-publications/,https://www.everythingcamper.com/v/vspfiles/assets/images/Chestnut_Lake_Camp_Packing_List_2024.pdf,https://paclic2023.github.io/,
"""6639c397bf0a76d1ef717bb9""",Conference on Intelligent Computer Mathematics,https://cicm-conference.org/2024/,https://cicm-conference.org/2024/cicm.php?event=&menu=cfp,https://cicm-conference.org/2024/cicm.php?event=&menu=dates,https://cicm-conference.org/2024/cicm.php?event=wifm&menu=general,https://cicm-conference.org/2024/cicm.php,link2
"""6639c39fbf0a76d1ef717bc3""","Conference on Software Engineering Education and Training (previously Conference is Software Engineering Education, CSEE, changed in 1997)",https://conf.researchr.org/home/cseet-2024,https://www.shiksha.com/exams/cseet-exam,https://www.icsi.edu/student_rpn/cseet/,https://www.pw.live/exams/company-secretary/cseet/,https://conf.researchr.org/home/cseet-2024,link1
"""6639c3abbf0a76d1ef717bcd""",Cryptographers Track at RSA Conference,https://ct-rsa-2024.aau.at/,https://ct-rsa-2024.aau.at/Program.html,https://www.rsaconference.com/usa,https://www.amazon.co.uk/Topics-Cryptology-Cryptographers-Conference-Proceedings/dp/3031588673,https://ct-rsa-2024.aau.at/,link1
"""6639c3aebf0a76d1ef717bd1""",Data Compression Conference,https://www.dcc-conference-2024.ptb.de/home,https://signalprocessingsociety.org/blog/dcc-2024-2024-data-compression-conference,https://www.oceanoutdoor.se/dcc/,https://www.dcc-conference-2024.ptb.de/programme,,
"""6639c3b9bf0a76d1ef717bdd""",Developments in Language Theory,https://s.cafef.vn/dlt-1947746/dlt-nghi-quyet-hdqt-thong-nhat-to-chuc-dhcd-thuong-nien-nam-2024.chn,https://s.cafef.vn/dlt-1954751/dlt-2232024-ngay-gdkhq-to-chuc-dhcd-thuong-nien-nam-2024.chn,https://vietstock.vn/2024/05/dlt-nghi-quyet-dai-hoi-dong-co-dong-thuong-nien-nam-2024-737-1187384.htm,https://stockbiz.vn/tin-tuc/dlt-nghi-quyet-dai-hoi-dong-co-dong-thuong-nien-nam-2024/25096022,https://events.gwdg.de/event/576/,
"""6639c3cfbf0a76d1ef717bf5""",EURO AMERICAN CONFERENCE ON TELEMATICS AND INFORMATION SYSTEMS,https://eatis.org/eatis2024/,https://eatis.org/,https://eatis.org/eatis2024/,https://eatis.org/eatis2024/,https://eatis.org/eatis2024/index.html,
"""6639c3d6bf0a76d1ef717bfb""",Eurographics Symposium on Parallel Graphics and Visualization,https://www.egpgv.org/2024/,https://www.egpgv.org/2024/cfp/,https://www.egpgv.org/2024/program/,https://www.egpgv.org/2024/submission/,,
"""6639c48b078f0b3454c91b86""",European Association for Computational Linguistics,https://2024.eacl.org/,https://2024.eacl.org/calls/papers/,https://2024.eacl.org/program/main/,https://2024.eacl.org/registration,https://2024.eacl.org/,link1
"""6639c28b4931f50e65517e53""",Computer Algebra in Scientific Computing,https://www.casc-conference.org/call.html,https://casc.vn/vi/tin-moi-nhat/casc-bao-cao-tai-chinh-quy-1-nam-2024-195-28494.html,http://www.casc-conference.org/,https://casc.vn/blog/tin-tuc-4/casc-thong-bao-nghi-le-giao-dich-nhan-dip-giai-phong-mien-nam-304-va-quoc-te-lao-dong-15-nam-2024-4-28495.html,https://casc-conference.org/,link1
"""6639c28f4931f50e65517e57""",Computer Graphics International,https://www.cgs-network.org/cgi24/,https://www.cgs-network.org/cgi24/important-dates-cgi24/,https://www.cgs-network.org/cgi24/cgi-awards-2024/,https://www.cgs-network.org/cgi24/registration-cgi-2024/,https://www.cgs-network.org/cgi24/,link1
"""6639c37ebf0a76d1ef717b9f""",Conference on Agile Software Development,https://tinhte.vn/thread/neu-dung-windows-xp-o-nam-2024-se-nhu-the-nao-may-tinh-dinh-virus-chi-sau-vai-phut.3788376/,https://www.agilealliance.org/xp2024/,https://www.agilealliance.org/xp2024/call-for-submissions/,https://www.agilealliance.org/xp2024/program-team/,https://www.agilealliance.org/xp2024/,link2
"""6639c386bf0a76d1ef717ba7""",Conference on Computational Natural Language Learning,https://www.conll.org/2024,https://twitter.com/conll_conf,https://aclanthology.org/venues/conll/,https://www.conll.org/contact,https://www.conll.org/,link1
"""6639c3b0bf0a76d1ef717bd3""",Data Warehousing and Knowledge Discovery,https://www.dexa.org/dawak2024,https://dawak2024.iiwas.org/,https://www.dexa.org/dawak2024,https://www.dexa.org/dawak2024,https://www.dexa.org/dawak2024,link1
"""6639c3b7bf0a76d1ef717bdb""",Developments in eSystems Engineering,https://dese.ai/dese-2024/,https://dese.ai/dese-2024-schedule/,https://dese.mo.gov/dese-literacy-summit-2024,https://dese.mo.gov/media/pdf/2024-dese-school-codes,https://dese.ai/dese-2024/,link1
"""6639c3cabf0a76d1ef717bef""",Empirical Methods in Natural Language Processing,https://2024.emnlp.org/,https://2024.emnlp.org/calls/main_conference_papers/,https://2024.emnlp.org/calls/industry_track/,https://2024.emnlp.org/program/workshops/,https://2024.emnlp.org/,link1
"""6639c3d3bf0a76d1ef717bf9""","EuroConference on Combinatorics, Graph Theory and Applications",https://iuuk.mff.cuni.cz/events/conferences/eurocomb23/,https://iuuk.mff.cuni.cz/events/conferences/eurocomb23/location.html,https://eurochamvn.glueup.com/event/green-economy-forum-exhibition-2024-94245/,https://www.eurocim.org/,https://iuuk.mff.cuni.cz/events/conferences/eurocomb23/callForPapers.html,
"""6639c487078f0b3454c91b82""",Euromicro Conference on Software Engineering and Advanced Applications,https://dsd-seaa.com/,https://dsd-seaa.com/seaa-call-for-papers/,https://dsd-seaa.com/dsd2024/,https://dsd-seaa.com/industrial-2024/,https://dsd-seaa.com/,link1
"""6639c489078f0b3454c91b84""","Euromicro International Conference on Parallel, Distributed and Network Based Processing",https://pdp2024.org/,https://pdp2024.org/registration/,https://pdp2024.org/workshops/,https://pdp2024.org/keynotes/,https://pdp2024.org/,link1
"""6639c29c4931f50e65517e63""",Conference of the Association of Asian-Pacific Operational Research Societies,http://apors.org/,https://www.thegioididong.com/tin-tuc/apple-tung-ra-airpods-pro-phien-ban-dac-biet-de-chao-don-tet-2024-1559856,https://nhandan.vn/giai-vo-dich-roller-sports-cup-quoc-gia-nam-2024-post805775.html,https://kinhtedothi.vn/apple-se-trinh-lang-airpods-4-cuoi-nam-2024.html,https://apors2024.casconf.cn/,
"""6639c39abf0a76d1ef717bbd""",Conference on Learning Theory,https://learningtheory.org/colt2024/,https://learningtheory.org/colt2024/accepted-papers.html,https://www.learningtheory.org/colt2024/cfp.html,https://learningtheory.org/colt2024/local.html,https://learningtheory.org/colt2024/,link1
"""6639c3a5bf0a76d1ef717bc7""",Conference on Theory and Applications of Models of Computation,https://tamc2024.comp.polyu.edu.hk/,https://tamc2024.comp.polyu.edu.hk/call_for_papers/,https://tamc2024.comp.polyu.edu.hk/program/,https://tamc2024.comp.polyu.edu.hk/committee/,https://tamc2024.comp.polyu.edu.hk/,link1
"""6639c3a9bf0a76d1ef717bcb""","Cooperative Design, Visualization, and Engineering",https://www.cdve.org/,https://www.cdve.org/dates.html,https://www.cdve.org/register.html,https://www.cdve.org/submit.html,https://www.cdve.org/dates.html,link2
"""6639c497078f0b3454c91b92""",European Conference on Computer Supported Cooperative Work,https://ecscw.eusset.eu/2024/,https://ecscw.eusset.eu/2024/workshops/,https://ecscw.eusset.eu/2024/journal-papers/,https://ecscw.eusset.eu/2024/exploratory-papers/,https://ecscw.eusset.eu/2024/,link1
"""6639c491078f0b3454c91b8c""",European Conference on Artificial Intelligence,https://www.ecai2024.eu/,https://www.ecai2024.eu/calls/main-track,https://www.ecai2024.eu/programme/workshops,https://www.ecai2024.eu/calls/pais,https://www.ecai2024.eu/,link1
"""6639c4bc078f0b3454c91bb4""",European SPI,https://conference.eurospi.net/index.php/en/,https://conference.eurospi.net/index.php/en/registration,https://conference.eurospi.net/index.php/en/programme/conference-programme,https://conference.eurospi.net/index.php/en/workshop,https://conference.eurospi.net/index.php/en/programme/conference-programme,link3
"""6639c4c3078f0b3454c91bba""",European Symposium on Programming,https://etaps.org/2024/conferences/esop/,https://thuvienphapluat.vn/phap-luat-doanh-nghiep/cau-hoi-thuong-gap/thu-tuc-phat-hanh-co-phieu-esop-trong-nam-2024-duoc-quy-dinh-nhu-the-nao-4673.html,https://s.cafef.vn/mwg-1963158/vuot-ke-hoach-loi-nhuan-2024-lanh-dao-the-gioi-di-dong-van-co-the-khong-duoc-esop-tham-chi-se-bi-cat-them-neu-gia-co-phieu-mwg-tren-san-thua-vnindex.chn,https://www.vietcap.com.vn/quan-he-co-dong/bao-cao-ket-qua-phat-hanh-esop-nam-2024,https://etaps.org/2024/conferences/esop/,link1
"""6639c4d0078f0b3454c91bc8""",Extending Database Technology,https://dastlab.github.io/edbticdt2024/,https://dastlab.github.io/edbticdt2024/?contents=important_dates.html,https://dastlab.github.io/edbticdt2024/?contents=accepted-papers.html,https://dastlab.github.io/edbticdt2024/?contents=detailed_program.html,https://dastlab.github.io/edbticdt2024/,link1
"""6639c4e6078f0b3454c91bd8""",Foundations of Software Science and Computational Structures,https://etaps.org/2024/conferences/fossacs/,https://etaps.org/2024/,https://www.amazon.com/Foundations-Software-Science-Computation-Structures/dp/3031572270,https://44thand3rdbookseller.com/book/9783031572272,https://etaps.org/2024/conferences/fossacs/,link1
"""6639c4f8078f0b3454c91be6""",Graph Drawing,https://vietnamnet.vn/dap-an-chinh-thuc-tat-ca-cac-mon-thi-tot-nghiep-thpt-nam-2024-cua-bo-gd-dt-2297632.html,https://vietnamnet.vn/dap-an-chinh-thuc-mon-giao-duc-cong-dan-thi-tot-nghiep-thpt-2024-cua-bo-gd-dt-2297597.html,http://graphdrawing.github.io/gd2024/,https://thanhnien.vn/bo-gd-dt-ra-soat-cac-phan-mem-ho-tro-tuyen-sinh-nam-2024-185240509145917276.htm,https://graphdrawing.github.io/gd2024/,link3
"""6639c50f078f0b3454c91bfc""",IEEE Automatic Speech Recognition and Understanding Workshop,https://signalprocessingsociety.org/blog/call-proposals-ieee-asru-2025,https://www.lazada.vn/tag/quan-asru/,http://www.asru2023.org/,http://www.asru2023.org/motion.asp?siteid=1007526&menuid=49652&postid=697211,http://www.asru2023.org/,link3
"""6639c513078f0b3454c91c00""",IEEE Computer Security Foundations Symposium (was CSFW),https://csf2024.ieee-security.org/,https://csf2024.ieee-security.org/cfp.html,https://csf2024.ieee-security.org/committee.html,https://csf2024.ieee-security.org/cfw.html,https://csf2024.ieee-security.org/,link1
"""6639c51d078f0b3454c91c08""",IEEE Conference on Computer Vision and Pattern Recognition,https://cvpr.thecvf.com/,https://cvpr.thecvf.com/Conferences/2024/Dates,https://cvpr.thecvf.com/Conferences/2024/AcceptedPapers,https://cvpr.thecvf.com/Conferences/2024/Pricing2,https://cvpr.thecvf.com/,link1
"""6639c539078f0b3454c91c24""",IEEE International Conference on Automatic Face and Gesture Recognition,https://fg2024.ieee-biometrics.org/,https://fg2024.ieee-biometrics.org/important-dates/,https://fg2024.ieee-biometrics.org/paper-submission/,https://fg2024.ieee-biometrics.org/workshops/,https://fg2024.ieee-biometrics.org/,link1
"""6639c540078f0b3454c91c2a""",IEEE International Conference on Blockchain and Cryptocurrency,https://icbc2024.ieee-icbc.org/,https://icbc2024.ieee-icbc.org/authors/call-papers,https://icbc2024.ieee-icbc.org/program,https://icbc2024.ieee-icbc.org/registration,https://icbc2024.ieee-icbc.org/,link1
"""6639c542078f0b3454c91c2c""",IEEE International Conference on Cloud Computing,https://m.facebook.com/edu.200lab/videos/top5-l%C3%BD-do-devops-n%C3%AAn-d%C3%B9ng-azure-cloud-2024-laptrinhvien-laptrinh-backenddevelop/803393735220724/,https://m.facebook.com/edu.200lab/videos/top5-l%C3%BD-do-devops-n%C3%AAn-d%C3%B9ng-azure-cloud-2024-laptrinhvien-laptrinh-backenddevelop/803393735220724/,https://clouddatacenter.events/events/vietnam-cloud-datacenter-ho-chi-minh-convention-2024/,https://vngcloud.vn/blog/2024-cloud-computing-trends-a-must-know-guide-for-everyone,,
"""6639c69c4c771c093141cb90""","IEEE International Conference on Program Comprehension (previously IWPC, changed in 2006)",https://uet.vnu.edu.vn/ky-thi-lap-trinh-sinh-vien-quoc-te-icpc-2024-uet-gop-phan-dua-viet-nam-ghi-dau-trong-linh-vuc-cong-nghe-thong-tin-gio/,https://www.olp.vn/icpc-asia-vi%E1%BB%87t-nam/th%C3%B4ng-tin-quy-%C4%91%E1%BB%8Bnh,https://icpc.global/regionals/upcoming,https://vov2.vov.vn/giao-duc-dao-tao/3-doi-tuyen-viet-nam-gianh-huy-chuong-ky-thi-lap-trinh-quoc-te-icpc-2024-47393,https://conf.researchr.org/track/icpc-2024/icpc-2024-research?,
"""6639c6b14c771c093141cba4""",IEEE International Enterprise Distributed Object Computing Conference,https://conferences.big.tuwien.ac.at/edoc2024/,https://edocconference.org/,https://helpedoc.smas.edu.vn/noi-dung-cap-nhat/moi-nhat-08-05-2024,https://conferences.big.tuwien.ac.at/biweek2024/edoc_cfp.php,https://conferences.big.tuwien.ac.at/biweek2024/edoc.php,
"""6639c49e078f0b3454c91b98""",European Conference on Evolutionary Computation in Combinatorial Optimisation,https://www.evostar.org/2024/evocop/,https://www.evostar.org/2024/evocop/,https://www.evostar.org/2024/evocop/,https://www.evostar.org/2024/evocop-2/,https://www.evostar.org/2024/evocop/,link1
"""6639c4be078f0b3454c91bb6""",European Symposium on Algorithms,https://algo-conference.org/2024/esa/,https://www.esa-isa2024.org/,https://www.esa.org/longbeach2024/,https://isd.esa.int/,https://algo-conference.org/2024/esa/,link1
"""6639c4c0078f0b3454c91bb8""",European Symposium on Artificial Neural Networks,https://www.esann.org/,https://www.esann.org/node/3,https://www.esann.org/program,https://www.esann.org/special-sessions,https://www.esann.org/,link1
"""6639c4d6078f0b3454c91bcc""",Financial Cryptography and Data Security Conference,https://www.ea.com/games/ea-sports-fc/fc-24,https://www.ea.com/games/ea-sports-fc/news/euro-2024,https://www.ea.com/games/ea-sports-fc/fc-24/ultimate-team/fantasy-football-ultimate-team,https://www.ea.com/en-au/games/ea-sports-fc/fc-24/ultimate-team/fc-pro-live,https://fc24.ifca.ai/,
"""6639c4e0078f0b3454c91bd4""",Forum on Specification and Design Languages,http://www.fdl-conference.com/index.html,https://fdl-conference.com/venue.html,https://fdl-conference.com/program.html,https://fdl-conference.com/registration.html,https://www.fdl-conference.com/index.html,link1
"""6639c51f078f0b3454c91c0a""",IEEE Conference on Local Computer Networks,https://www.ieeelcn.org/,https://www.ieeelcn.org/Author_CfP.html,https://www.ieeelcn.org/Author.html,https://www.ieeelcn.org/Program.html,https://www.ieeelcn.org/,link1
"""6639c525078f0b3454c91c10""",IEEE Conference on Virtual Reality and 3D User Interfaces,https://ieeevr.org/2024/,https://ieeevr.org/2024/contribute/papers/,https://ieeevr.org/2024/program/papers/,https://ieeevr.org/2024/program/overview/,https://ieeevr.org/2024/contribute/papers/,link2
"""6639c554078f0b3454c91c3c""",IEEE International Conference on Cybernetics and Intelligent Systems,https://cis.edu.vn/upload/news/calendar.pdf,https://vimiss.vn/hot-danh-sach-cac-truong-co-hoc-bong-cis-a-cap-nhat-2024.html,https://riba.vn/dai-hoc-ngon-ngu-bac-kinh-tuyen-sinh-hoc-bong-cis-2024/,https://hocbongcis.vn/cac-loai-hoc-bong-cis-trong-nam-2024-phan-loai-hoc-bong-cis.html,https://www.cis-ram.org/2024/,
"""6639c556078f0b3454c91c3e""",IEEE International Conference on Data Mining,https://icdm2024.org/,https://icdm2024.org/dates/,https://icdm2024.org/call_for_papers/,https://icdm2024.org/registration/,https://www.icdm2024.org/,
"""6639c67e4c771c093141cb74""",IEEE International Conference on Fog and Edge Computing,https://icfec2024.ontariotechu.ca/,https://icfec2024.ontariotechu.ca/,https://publications.ait.ac.at/en/activities/8th-ieee-international-conference-on-fog-and-edge-computing-icfec,http://icfec.org/index.php/vi/news/Tin-tuc/,https://icfec2024.ontariotechu.ca/,link1
"""6639c6aa4c771c093141cb9e""",IEEE International Conference on Visual Communications and Image Processing (was SPIE ... pre 2011),https://www.vcip2024.org/,https://www.vcip2024.org/Call_for_Papers.html,https://www.vcip2024.org/Call_important_dates.html,https://www.vcip2024.org/Call_for_Special_Sessions.html,https://www.vcip2024.org/index.html,
"""6639c6b84c771c093141cbac""",IEEE International Parallel and Distributed Processing Symposium (was IPPS and SPDP),https://www.ipdps.org/ipdps2024/,https://www.ipdps.org/ipdps2024/2024-call-for-papers.html,https://www.ipdps.org/ipdps2024/2024-advance-program.html,https://www.ipdps.org/ipdps2024/2024-workshops.html,https://www.ipdps.org/,link1
"""6639c4cc078f0b3454c91bc4""",Exploring Modelling Methods in Systems Analysis and Design,https://www.emmsad.org/,https://www.amazon.com/Enterprise-Business-Process-Information-Systems-Modeling-ebook/dp/B0D364JHZQ,https://www.amazon.com/Enterprise-Business-Process-Information-Systems-Modeling-ebook/dp/B0D364JHZQ,https://thestacksbookstore.com/book/9783031610066,https://www.emmsad.org/home,
"""6639c4e3078f0b3454c91bd6""",Foundations of Genetic Algorithms,https://usfoga.com/us-foga-training-in-january-at-the-2024-wwett-show/,https://www.foga.fr/,https://hpi.de/foga2023/,https://www.gogeafrica.tv/foga/,https://hpi.de/foga2023/,link3
"""6639c503078f0b3454c91bf0""",Heterogeneity in Computing Workshop,https://hcw-ipdps.org/,https://m.facebook.com/bongrotv/photos/%C4%91%E1%BA%A1i-b%C3%A0ng-tung-c%C3%A1nh-hcw-c%C3%B3-chi%E1%BA%BFn-th%E1%BA%AFng-%C4%91%E1%BA%A7u-ti%C3%AAn-t%E1%BA%A1i-vba-2024cu%E1%BB%99c-%C4%91%E1%BB%91i-%C4%91%E1%BA%A7u-gi%E1%BB%AFa-hoc/473353235384514/,https://hcw-ipdps.org/program,https://hcw.com.vn/,https://hcw.pages.dev/,
"""6639c51b078f0b3454c91c06""",IEEE Conference on Computational Complexity,https://ccc2024en.kust.edu.cn/,https://ccc2024.eventscribe.net/,https://canadiansocietyofcardiacsurgeons.ca/save-the-date-ccc-2024/,https://cemc.uwaterloo.ca/contests/ccc-cco.html,https://computationalcomplexity.org/,
"""6639c529078f0b3454c91c14""",IEEE Congress on Services,https://services.conferences.computer.org/2024/,https://services.conferences.computer.org/2024/,https://services.conferences.computer.org/2024/info-for-authors/,https://services.conferences.computer.org/2024/registration/,https://services.conferences.computer.org/2024/,link1
"""6639c53b078f0b3454c91c26""",IEEE International Conference on Autonomic Computing,https://cacsuk.co.uk/icac/,https://icacworkshop.cn/en.html,https://icac.lk/,https://www.icac.org.hk/symposium/2024/en/about.html,https://2024.acsos.org/track/acsos-2024-papers,
"""6639c54b078f0b3454c91c34""",IEEE International Conference on Cognitive Informatics,https://icci.com.tr/en/icci-home/,https://icci.com.tr/en/about/,https://icci.com.tr/en/conference-programme-2024/,https://icci.com.tr/en/icci-2024-conference-focus-topics/,,
"""6639c54d078f0b3454c91c36""",IEEE International Conference on Computer and Information Technology,https://www.crowe.com/vn/vi-vn/news/apply-global-minimum-cit-from-2024-in-vietnam,https://sunycpd.eventsair.com/cit-2024/,https://www.cit.ctu.edu.vn/index.php/ban-tin/tin-giao-vu/951-k-ho-ch-xet-va-trao-b-ng-t-t-nghi-p-nam-2024,https://cit.suny.edu/cit-2024/,https://mobinets.cn/conf/cit2023/index.html,
"""6639c6934c771c093141cb88""",IEEE International Conference on Intelligent Systems,https://www.ieee-is.org/,https://ieee-icce.org/,https://2022.ieee-icce.org/,https://2020.ieee-icce.org/,https://www.ieee-is.org/news/next-ieee-conference/,
"""6639c6954c771c093141cb8a""",IEEE International Conference on Mobile Ad-hoc and Sensor Systems,https://ac-ada.ca/events/mass-2024/,https://thebasic.com.vn/kinh-mat-gm-mass-2024,https://www.studocu.com/vn/document/dai-hoc-fpt-ha-noi/consumer-behavior/timeline-chuong-trinh-the-mass-2024/85147168,https://www.thevaticantickets.com/vatican-easter-mass/,https://sites.google.com/view/ieee-mass-2024,
"""6639c69a4c771c093141cb8e""",IEEE International Conference on Pervasive Computing and Communications,https://percom.org/2024/,https://www.percom.org/call-for-papers/,https://www.computer.org/csdl/proceedings/percom/2024/1W3x0BB3crK,https://www.facebook.com/percom/?locale=vi_VN,https://percom.org/2024/,link1
"""6639c69e4c771c093141cb92""",IEEE International Conference on Robotics and Automation,https://2024.ieee-icra.org/,https://2024.ieee-icra.org/program/,https://2024.ieee-icra.org/registration-travel/,https://2024.ieee-icra.org/registration/,https://2024.ieee-icra.org/,link1
"""6639c4ac078f0b3454c91ba4""",European Conference on Object-Oriented Programming,https://2024.ecoop.org/,https://2024.ecoop.org/track/ecoop-2024-papers,https://2024.ecoop.org/dates,https://2024.ecoop.org/track/ecoop-2024-artifact-evaluation,https://2024.ecoop.org/track/ecoop-2024-papers,link2
"""6639c48d078f0b3454c91b88""",European Chapter on Combinatorial Optimization,https://www.ecco-ibd.eu/ecco24.html,https://7golf.vn/ecco-cho-ra-mat-mau-giay-ecco-lt1-moi-nhat-nam-2024.html,https://houseofgolf.com.au/products/ecco-2024-biom-c4-golf-shoes,https://golfgroup.com.vn/p/giay-golf-ecco-men-s-three,https://ecco2024.euro-online.org/,
"""6639c4b6078f0b3454c91bae""",European Conference on Technology Enhanced Learning,https://ea-tel.eu/ec-tel-conference,https://teachonline.ca/training-opportunities/upcoming-conferences/european-conference-technology-enhanced-learning-ec-tel-responsive-and-sustainable,https://ea-tel.eu/ectel2024,https://ea-tel.eu/ectel2024/important-dates,https://ea-tel.eu/ectel2024,link3
"""6639c4ba078f0b3454c91bb2""",European MPI Users' Group Conference,https://www.nat-esm.de/services/trainings/events/eurompi-australia-2024,https://eurompi23.github.io/,https://x.com/eurompiconf,https://eurompi23.github.io/,https://events.vsc.ac.at/event/123/,
"""6639c4c4078f0b3454c91bbc""",European Symposium On Research In Computer Security,https://esorics2024.org/,https://esorics2024.org/call_for_papers-en,https://esorics2024.org/accepted_workshops,https://esorics2024.org/accepted_papers-en,https://esorics2024.org/,link1
"""6639c4c6078f0b3454c91bbe""",European Workshop on Computational Geometry,https://eurocg2024.math.uoi.gr/,https://www.eurocg.org/,https://eurocg2024.math.uoi.gr/index.php?id=call-for-contributions,https://kam.mff.cuni.cz/conferences/eurocg2025/,https://eurocg2024.math.uoi.gr/,link1
"""6639c4d9078f0b3454c91bce""",Flexible Query-Answering Systems,https://www.truonghekhoahoc.com/2024/faqs/,https://aburobocon2024.vtv.gov.vn/faqs,https://urban-future.org/event/uf24-rotterdam-launch/faqs-2024/,https://www.epicor.com/vi-vn/insights/apac/faqs/,,
"""6639c4de078f0b3454c91bd2""",Formal Methods in Computer-Aided Design,https://www.fmcad.org/,https://fmcad.org/FMCAD24/,https://fmcad.org/FMCAD24/cfp/,https://fmcad.org/FMCAD24/dates/,https://fmcad.org/FMCAD24/,link2
"""6639c4f6078f0b3454c91be4""","GI International Conference on Detection of Intrusions and Malware, and Vulnerability Assessment",https://dimva.org/dimva2024/,https://dimva.org/dimva2024/,https://www.dimva.org/,https://dimva.org/dimva2024/,https://dimva.org/dimva2024/#page-top,
"""6639c4fa078f0b3454c91be8""",Graphics Interface,"https://mediamart.vn/meo-vat-doi-song/nam-2024-la-nam-con-gi-menh-gi#:~:text=N%C4%83m%202024%20l%C3%A0%20n%C4%83m%20con%20r%E1%BB%93ng%2C%20Gi%C3%A1p%20Th%C3%ACn.,can%20Gi%C3%A1p%2C%20%C4%91%E1%BB%8Ba%20chi%20Th%C3%ACn.",https://www.bachhoaxanh.com/kinh-nghiem-hay/nam-2024-la-nam-con-gi-menh-gi-hop-voi-tuoi-nao-1553962,https://thuvienphapluat.vn/hoi-dap-phap-luat/839FAF8-hd-nam-2024-la-nam-con-gi-menh-gi-nam-2024-co-nhuan-khong.html,https://m.viettelstore.vn/tin-tuc/nam-2024-la-nam-con-gi-va-menh-gi,https://graphicsinterface.org/conference/2024/,
"""6639c505078f0b3454c91bf2""",Human System Interaction,https://www.incose.org/events/hsi2024,https://www.facebook.com/hokkaidosummerinstitute/posts/-hsi-2024-3rd-application-is-now-open-today-hokkaido-summer-institute-hsi-2024-3/1147561289618157/,http://welcometohsi.org/,https://www.incose.org/communities/chapters/americas-sector/colorado-front-range/2024/08/27/default-calendar/incose-hsi-conference-2024---jeju-korea,https://www.flextechchair.org/HSI2024/home-1.html,
"""6639c53e078f0b3454c91c28""",IEEE International Conference on Big Data,https://www3.cs.stonybrook.edu/~ieeebigdata2024/,https://www3.cs.stonybrook.edu/~ieeebigdata2024/ImportantDates.html,https://www3.cs.stonybrook.edu/~ieeebigdata2024/CallPapers.html,https://www3.cs.stonybrook.edu/~ieeebigdata2024/Workshops.html,https://www3.cs.stonybrook.edu/~ieeebigdata2024/,link1
"""6639c558078f0b3454c91c40""",IEEE International Conference on Data Science and Advanced Analytics,https://dsaa2024.dsaa.co/,https://dsaa2024.dsaa.co/key-dates.html,https://dsaa2024.dsaa.co/cfp-research-track.html,https://dsaa2024.dsaa.co/cfp-special-sessions.html,https://dsaa2024.dsaa.co/index.html,
"""6639c6734c771c093141cb6a""",IEEE International Conference on Distributed Computing in Sensor Systems,https://dcoss.org/,https://dcoss.org/program/,https://dcoss.org/call-for-papers/,https://dcoss.org/workshops/,https://dcoss.org/dcoss23/,
"""6639c67a4c771c093141cb70""",IEEE international conference on ehealth networking applications and services (was International Workshop on Enterprise Networking and Computing in Health Care Industry; changed 2006),https://healthcom2024.ieee-healthcom.org/,https://healthcom2024.ieee-healthcom.org/call-papers,https://healthcom2024.ieee-healthcom.org/program,https://healthcom2024.ieee-healthcom.org/registration,https://healthcom2024.ieee-healthcom.org/,link1
"""6639c67c4c771c093141cb72""",IEEE International Conference on Engineering of Complex Computer Systems,https://cyprusconferences.org/iceccs2024/,https://cyprusconferences.org/iceccs2024/,https://cyprusconferences.org/iceccs2024/call-for-papers/,https://cyprusconferences.org/iceccs2024/speakers/,https://cyprusconferences.org/iceccs2024/,link1
"""6639c6834c771c093141cb78""",IEEE International Conference on Global Software Engineering,https://www.savemyexams.com/learning-hub/exam-dates-timetables/igcse-exam-dates/,https://www.cambridgeinternational.org/Images/638137-june-2024-zone-3-time-table.pdf,https://www.cambridgeinternational.org/Images/638138-june-2024-zone-4-time-table.pdf,"https://www.britishcouncil.my/exam/igcse-school/how-register/registration/dates-deadlines#:~:text=IGCSE%2C%20O%20Levels%20and%20AS,in%20January%20and%20May%2FJune.",https://waset.org/global-software-engineering-conference-in-august-2024-in-moscow,
"""6639c6874c771c093141cb7c""",IEEE International Conference on High Performance Computing and Simulation,https://hpca-conf.org/2024/,https://www.hpca-conf.org/2024/submit/papers.php,https://www.hpca-conf.org/2024/program/main.php,https://www.hpca-conf.org/2024/submit/guidelines.php,,
"""6639c68e4c771c093141cb84""",IEEE International Conference on Intelligence and Security Informatics,https://www.isi-next.org/conferences/iaos-isi-2024/,https://www.isi-web.org/calendar,https://vsl.vnu.edu.vn/6-thang-dau-nam-2024-dai-hoc-quoc-gia-ha-noi-da-cong-bo-tren-900-bai-bao-quoc-te-isi-scopus.html,https://daibieunhandan.vn/giao-duc--y-te1/6-thang-dau-nam-2024-dai-hoc-quoc-gia-ha-noi-da-cong-bo-tren-900-bai-bao-quoc-te-isi-scopus-i376884/,https://ieee-isi.org/2023/,
"""6639c6a24c771c093141cb96""",IEEE International Conference on Service-Oriented Computing and Applications,https://music.apple.com/us/playlist/soca-2024/pl.u-AkAmPpGC203ggYN?l=vi,https://music.apple.com/us/playlist/soca-2024/pl.u-AkAmPpGC203ggYN?l=vi,https://music.apple.com/us/playlist/women-in-soca-2024-soca/pl.u-e98l1JKcdKBkRM?l=vi,https://www.riddimstream.com/music/this-is-soca-2024-mix-by-silentkilla/,https://www.soca-ieee.org/index.html,
"""6639c6a44c771c093141cb98""","IEEE International Conference on Software Analysis, Evolution and Reengineering",https://conf.researchr.org/home/saner-2024,https://conf.researchr.org/attending/saner-2024/registration,https://twitter.com/sanerconf,https://q-se.github.io/q-saner2024/,https://conf.researchr.org/home/saner-2024,link1
"""6639c6ac4c771c093141cba0""",IEEE International Conference on Web Services,https://www.servicessociety.org/icws,https://www.clocate.com/international-conference-on-web-services-icws/56141/,https://www.conferencelists.org/event/international-conference-on-web-services-icws-2024/,https://services.conferences.computer.org/2024/,https://icws.conferences.computer.org/2024/,
"""6639c6b24c771c093141cba6""",IEEE International Geoscience and Remote Sensing Symposium,https://www.2024.ieeeigarss.org/,https://www.2024.ieeeigarss.org/program_glance.php,https://www.2024.ieeeigarss.org/papers.php,https://www.2024.ieeeigarss.org/registration.php,https://www.2024.ieeeigarss.org/,link1
"""6639c48f078f0b3454c91b8a""",European Conference on Ambient Intelligence,https://www.amiparis.com/en-us/pages/show-spring-summer-2024,https://www.amiparis.com/en-es/pages/show-fall-winter-2024,https://wwd.com/fashion-news/shows-reviews/gallery/ami-mens-spring-1235705860/,https://eteft.com/blogs/tin-t%E1%BB%A9c/lam-moi-ban-than-trong-nam-2024-voi-cac-phu-kien-nha-ami-paris,,
"""6639c499078f0b3454c91b94""",European Conference on Computer Vision,https://eccv.ecva.net/,https://eccv2024.ecva.net/Conferences/2024/Dates,https://eccv.ecva.net/Conferences/2024/Dates,https://eccv.ecva.net/Conferences/2024/CallForPapers,https://eccv.ecva.net/,link1
"""6639c49c078f0b3454c91b96""",European Conference on Digital Government (was European Conference on e-Government ECEG),https://m.yelp.com/biz/ecdg-london,https://ecg2024.com/programme/,https://www.flickr.com/photos/amcompao/sets/72177720314103965,https://www.discgolfscene.com/tournaments/Dieppe_Open_2024,,
"""6639c4a2078f0b3454c91b9c""",European Conference on Information Retrieval,https://www.ecir2024.org/,https://www.ecir2024.org/key-dates/,https://www.ecir2024.org/programmes/,https://www.ecir2024.org/2023/05/22/call-for-full-papers/,https://www.ecir2024.org/,link1
"""6639c4c9078f0b3454c91bc0""",European-Japanese Conference on Information Modelling and Knowledge Bases,https://www.ejc2024.org/,https://www.ejc2024.org/ticket/,https://www.ejc2024.org/home_pt/,https://www.ejc2024.org/program/,,
"""6639c4cb078f0b3454c91bc2""",Eurosys Conference,http://2024.eurosys.org/,https://2024.eurosys.org/cfp.html,https://2024.eurosys.org/program.html,https://2024.eurosys.org/accepted-papers.html,https://2024.eurosys.org/index.html,
"""6639c4cf078f0b3454c91bc6""",Extended Semantic Web Conference (was European Semantic Web Conference),https://2024.eswc-conferences.org/,https://2024.eswc-conferences.org/program-overview/,https://2024.eswc-conferences.org/workshops-tutorials/,https://2024.eswc-conferences.org/call-for-papers-resources-track/,,
"""6639c4ee078f0b3454c91bde""",Fundamental Approaches to Software Engineering,https://etaps.org/2024/conferences/fase/,https://fase2024.zomercursusantropologie.nl/,https://ebjohnsen.org/talk/fase-2024/,https://etaps.org/about/fase/,https://etaps.org/2024/conferences/fase/,link1
"""6639c507078f0b3454c91bf4""",Human-Agent Interaction,https://tuyensinh.vimaru.edu.vn/,https://tuyensinh.vimaru.edu.vn/chuongtrinhdaotao/dai-hoc-chinh-quy.vmu,https://hcmussh.edu.vn/tin-tuc/thong-bao-tuyen-sinh-VB2-CQ-dot-1-2024,https://tuyensinh.vimaru.edu.vn/,https://hai-conference.net/hai2024/,
"""6639c511078f0b3454c91bfe""",IEEE Bioinformatics and Bioengineering,http://www.icbibe.org/,http://www.bibe2024.kg.ac.rs/,http://www.icbibe.org/Committee.aspx,https://www.lazada.vn/tag/bibe/,http://www.bibe2024.kg.ac.rs/,link2
"""6639c52f078f0b3454c91c1a""",IEEE Global Internet Symposium,"https://mediamart.vn/meo-vat-doi-song/nam-2024-la-nam-con-gi-menh-gi#:~:text=N%C4%83m%202024%20l%C3%A0%20n%C4%83m%20con%20r%E1%BB%93ng%2C%20Gi%C3%A1p%20Th%C3%ACn.,can%20Gi%C3%A1p%2C%20%C4%91%E1%BB%8Ba%20chi%20Th%C3%ACn.",https://www.bachhoaxanh.com/kinh-nghiem-hay/nam-2024-la-nam-con-gi-menh-gi-hop-voi-tuoi-nao-1553962,https://thuvienphapluat.vn/hoi-dap-phap-luat/839FAF8-hd-nam-2024-la-nam-con-gi-menh-gi-nam-2024-co-nhuan-khong.html,https://m.viettelstore.vn/tin-tuc/nam-2024-la-nam-con-gi-va-menh-gi,https://infocom2023.ieee-infocom.org/ieee-global-internet-gi-symposium,
"""6639c537078f0b3454c91c22""",IEEE International Conference on Advanced Video and Signal Based Surveillance,https://signalprocessingsociety.org/blog/avss-2024-2024-ieee-international-conference-advanced-video-and-signal-based-surveillance,https://avss2024.org/program.php,https://avss2024.org/registration.php,https://iavm.org/events/avss/,https://avss2024.org/program.php,link2
"""6639c547078f0b3454c91c30""",IEEE International Conference on Cloud Computing Technology and Science (International Conference on Cloud Computing pre 2010),https://www.cloudcom2024.org/,https://www.cloudcom2024.org/cfp,https://www.cloudcom2024.org/comingsoon,https://www.cloudcom2024.org/sponsorship,https://www.cloudcom2024.org/,link1
"""6639c54f078f0b3454c91c38""",IEEE International Conference on Computer Communications,https://infocom2024.ieee-infocom.org/,https://infocom2024.ieee-infocom.org/program,https://infocom2024.ieee-infocom.org/program/accepted-paper-list-main-conference,https://infocom2024.ieee-infocom.org/authors/call-papers-main-conference,https://infocom2024.ieee-infocom.org/,link1
"""6639c6784c771c093141cb6e""",IEEE International Conference on e-Science and Grid Computing,https://boothsquare.com/events/19th-ieee-international-conference-on-e-science/editions/ieee-escience-2024/8a9ec771-a391-41a8-adc9-78bf69392ae5/,https://www.escience-conference.org/about/,https://www.escience-conference.org/2024/call-for-papers,https://www.esciencecenter.nl/calls-for-proposals/open-escience-call-oec-2024/,https://www.escience-conference.org/2024/,link3
"""6639c6a64c771c093141cb9a""","IEEE International Conference on Software Maintenance and Evolution (prior to 2014 was ICSM, IEEE International Conference on Software Maintenance)",https://conf.researchr.org/home/icsme-2024,https://conf.researchr.org/track/icsme-2024/icsme-2024-papers,https://conf.researchr.org/track/icsme-2024/icsme-2024-new-ideas-and-emerging-results-track,https://conf.researchr.org/track/icsme-2024/icsme-2024-industry-track,https://conf.researchr.org/track/icsme-2024/icsme-2024-papers,link2
"""6639c4b2078f0b3454c91baa""",European Conference on Software Architecture,https://conf.researchr.org/home/ecsa-2024,https://2024.ecsa.ngo/,https://2024.ecsa.ngo/info/registration,https://2024.ecsa.ngo/programme,https://conf.researchr.org/track/ecsa-2024/ecsa-2024-research-papers,
"""6639c4b4078f0b3454c91bac""",European Conference on Symbolic and Quantitative Approaches to Reasoning with Uncertainty,https://researchr.org/publication/ecsqaru-2023/bibtex,https://www.ecai2024.eu/,https://krportal.org/events/,https://www.amazon.in/Symbolic-Quantitative-Approaches-Reasoning-Uncertainty/dp/3031456076,,
"""6639c4ec078f0b3454c91bdc""",Frontiers in Education,https://2024.fie-conference.org/,https://2024.fie-conference.org/submission-guidelines/full-wip-paper-guidelines,https://2024.fie-conference.org/registration/registration-information,https://2024.fie-conference.org/about/organizers,https://2024.fie-conference.org/,link1
"""6639c552078f0b3454c91c3a""",IEEE International Conference on Computer Vision,https://ai.stonybrook.edu/ICCV-2024-San-Antonio-USA,https://openaccess.thecvf.com/ICCV2023_workshops/menu,https://internationalconferencealerts.com/eventdetails.php?id=2236516,https://waset.org/computer-vision-conference-in-september-2024-in-vancouver?utm_source=conferenceindex&utm_medium=referral&utm_campaign=listing,"https://iser.org.in/conf/index.php?id=2622714#:~:text=Welcome%20to%20(ICCV%2D24),experts%20of%20to%20one%20platform.",
"""6639c6804c771c093141cb76""",IEEE International Conference on Fuzzy Systems,https://2024.ieeewcci.org/fuzz-ieee-call-for-papers,https://www.uts.edu.au/research/australian-artificial-intelligence-institute/news/call-papers-wcci-fuzz-ieee-and-ijcnn-2024,https://2024.ieeewcci.org/,https://2024.ieeewcci.org/authors/call-for-papers,https://2024.ieeewcci.org/,link1
"""6639c6854c771c093141cb7a""",IEEE International Conference on High Performance Computing and Communications,https://hpcc.vn/,https://hpccsystems.com/community/events/hpcc-systems-summit-2024/,https://www.advancingexpertcare.org/news/hpcc-march-2024-newsletter/,https://www.hpcc.org/,http://www.ieee-hust-ncc.org/2024/HPCC/index.html,
"""6639c6b44c771c093141cba8""",IEEE International Joint Conference on Neural Networks,https://2024.ieeewcci.org/ijcnn-call-for-papers,https://www.inns.org/ijcnn-home,https://2024.ieeewcci.org/ijcnn-call-for-papers,https://ijcnn-2024-qml.github.io/,https://2024.ieeewcci.org/,link1
"""6639c4a0078f0b3454c91b9a""",European Conference on Genetic Programming,https://www.evostar.org/2024/eurogp/,https://www.evostar.org/2024/eurogp/,https://www.evostar.org/2024/eurogp/,https://www.evostar.org/2024/eml/,https://www.evostar.org/2024/,link1
"""6639c493078f0b3454c91b8e""",European Conference on Computational Biology,https://eccb2024.eu/,https://eccb2024.eu/register-for-eccb-2024/,https://eccb2024.eu/fees/,https://eccb2024.eu/news/,https://eccb2024.fi/,
"""6639c4a5078f0b3454c91b9e""",European Conference on Machine Learning and Principles and Practice of Knowledge Discovery in Database (PKDD and ECML combined from 2008),https://2024.ecmlpkdd.org/,https://2024.ecmlpkdd.org/submissions/key-dates-and-deadlines,https://ecmlpkdd.org/2024/submissions-research-track/,https://ecmlpkdd.org/2024/program-workshops-tutorials,https://ecmlpkdd.org/2024/,link3
"""6639c4ae078f0b3454c91ba6""",European Conference on Operations Research,https://tv360.vn/video/highlights-ao-vs-tho-nhi-ky-vong-1-8-vck-uefa-euro-2024?v=1183624&utm_source=GoogleVITA,https://tv360.vn/video/highlights-romania-vs-ha-lan-vong-1-8-vck-uefa-euro-2024?v=1183606&utm_source=GoogleVITA,https://tv360.vn/video/highlights-bo-dao-nha-vs-slovenia-vong-1-8-vck-uefa-euro-2024?v=1183378&utm_source=GoogleVITA,https://tv360.vn/video/highlights-phap-vs-bi-vong-1-8-vck-uefa-euro-2024?v=1183369&utm_source=GoogleVITA,https://euro2024cph.dk/,
"""6639c4fc078f0b3454c91bea""",Haskell Workshop,https://icfp24.sigplan.org/home/haskellsymp-2024,https://forum.cardano.org/t/cung-nhau-h-c-haskell-2024/128782,https://haskell.foundation/events/2024-haskell-ecosystem-workshop.html,https://summer.haskell.org/,https://icfp24.sigplan.org/home/haskellsymp-2024#Call-for-Papers,
"""6639c523078f0b3454c91c0e""","IEEE Conference on Systems, Man and Cybernetics",https://www.ieeesmc2024.org/,https://www.ieeesmc2024.org/important-dates,https://www.ieeesmc2024.org/registration,https://www.ieeesmc2024.org/partnership,https://www.ieeesmc2024.org/home,
"""6639c527078f0b3454c91c12""",IEEE Congress on Evolutionary Computation,https://cec.com.vn/cec-nextgen-camp-2024-mua-he-kien-tao-the-he-cong-dan-toan-cau-tuong-lai.html,https://hosrem.org.vn/detailNews/hoatdong/tb-iii-cec-2024-7123,https://cec.com.vn/%F0%9F%8C%9F-cec-summer-camp-uk-australia-2024-%F0%9F%8C%9F.html,https://www.facebook.com/cechapulico/,https://2024.ieeewcci.org/,
