"$__","$isNew","_doc"
"{""activePaths"":{""paths"":{""AverageRating"":""init"",""Comments"":""init"",""PrimaryFoR"":""init"",""DBLP"":""init"",""Note"":""init"",""Rank"":""init"",""Source"":""init"",""Acronym"":""init"",""Title"":""init"",""Links"":""init"",""ConferenceDate"":""init"",""SubmissonDate"":""init"",""NotificationDate"":""init"",""CameraReady"":""init"",""_id"":""init"",""createdAt"":""init"",""updatedAt"":""init"",""__v"":""init"",""Location"":""init""},""states"":{""require"":{},""default"":{},""init"":{""_id"":true,""Title"":true,""Acronym"":true,""Source"":true,""Rank"":true,""Note"":true,""DBLP"":true,""PrimaryFoR"":true,""Comments"":true,""AverageRating"":true,""Links"":true,""ConferenceDate"":true,""SubmissonDate"":true,""NotificationDate"":true,""createdAt"":true,""updatedAt"":true,""__v"":true,""CameraReady"":true,""Location"":true}}},""skipId"":true}",false,"{""_id"":""6639d1cd387369a897058695"",""Title"":""International Conference on the Application and Theory of Petri Nets and Concurrency"",""Acronym"":""Petri Nets"",""Source"":""CORE2023"",""Rank"":""B"",""Note"":""none"",""DBLP"":""view"",""PrimaryFoR"":""4606"",""Comments"":""0"",""AverageRating"":""N/A"",""Links"":[""https://petrinets2023.deec.fct.unl.pt/"",""https://www.amazon.com/Application-Theory-Petri-Nets-Concurrency/dp/3031336194"",""https://katalog.bibliothek.kit.edu/bib/1369451"",""https://ceur-ws.org/Vol-3430/""],""ConferenceDate"":[{""date"":""2023-06-25T00:00:00.000Z"",""keyword"":""Conference start"",""update_time"":""2024-06-01T05:36:45.425Z""},{""date"":""2023-06-30T00:00:00.000Z"",""keyword"":""Conference end"",""update_time"":""2024-06-01T05:36:45.425Z""}],""SubmissonDate"":[{""date"":""2024-04-30T00:00:00.000Z"",""keyword"":""Abstract"",""update_time"":""2024-05-22T03:00:16.051Z""}],""NotificationDate"":[],""createdAt"":""2024-05-07T07:01:33.670Z"",""updatedAt"":""2024-06-01T05:36:45.426Z"",""__v"":0,""CameraReady"":[],""Location"":""Lisbon, Portugal""}"
"{""activePaths"":{""paths"":{""AverageRating"":""init"",""Comments"":""init"",""PrimaryFoR"":""init"",""DBLP"":""init"",""Note"":""init"",""Rank"":""init"",""Source"":""init"",""Acronym"":""init"",""Title"":""init"",""Links"":""init"",""ConferenceDate"":""init"",""SubmissonDate"":""init"",""NotificationDate"":""init"",""CameraReady"":""init"",""_id"":""init"",""createdAt"":""init"",""updatedAt"":""init"",""__v"":""init"",""Location"":""init""},""states"":{""require"":{},""default"":{},""init"":{""_id"":true,""Title"":true,""Acronym"":true,""Source"":true,""Rank"":true,""Note"":true,""DBLP"":true,""PrimaryFoR"":true,""Comments"":true,""AverageRating"":true,""Links"":true,""ConferenceDate"":true,""SubmissonDate"":true,""NotificationDate"":true,""createdAt"":true,""updatedAt"":true,""__v"":true,""CameraReady"":true,""Location"":true}}},""skipId"":true}",false,"{""_id"":""6639d3268fb9939b82bceaed"",""Title"":""International Conference on the Theory and Application of Cryptology and Information Security"",""Acronym"":""ASIACRYPT"",""Source"":""CORE2023"",""Rank"":""A"",""Note"":""none"",""DBLP"":""view"",""PrimaryFoR"":""4604"",""Comments"":""0"",""AverageRating"":""N/A"",""Links"":[""https://www.myhuiban.com/conference/299?lang=en_us""],""ConferenceDate"":[{""date"":""2023-12-04T00:00:00.000Z"",""keyword"":""Conference start"",""update_time"":""2024-06-01T03:40:36.190Z""},{""date"":""2023-12-08T00:00:00.000Z"",""keyword"":""Conference end"",""update_time"":""2024-06-01T03:40:36.190Z""}],""SubmissonDate"":[{""date"":""2024-05-26T00:00:00.000Z"",""keyword"":""Submission"",""update_time"":""2024-05-16T10:12:07.569Z""}],""NotificationDate"":[{""date"":""2024-08-25T00:00:00.000Z"",""keyword"":""Notification Date"",""update_time"":""2024-05-16T10:12:07.573Z""}],""createdAt"":""2024-05-07T07:07:18.561Z"",""updatedAt"":""2024-06-01T03:40:36.191Z"",""__v"":0,""CameraReady"":[],""Location"":""Guangzhou, China""}"
"{""activePaths"":{""paths"":{""AverageRating"":""init"",""Comments"":""init"",""PrimaryFoR"":""init"",""DBLP"":""init"",""Note"":""init"",""Rank"":""init"",""Source"":""init"",""Acronym"":""init"",""Title"":""init"",""Links"":""init"",""ConferenceDate"":""init"",""SubmissonDate"":""init"",""NotificationDate"":""init"",""CameraReady"":""init"",""_id"":""init"",""createdAt"":""init"",""updatedAt"":""init"",""__v"":""init"",""Location"":""init""},""states"":{""require"":{},""default"":{},""init"":{""_id"":true,""Title"":true,""Acronym"":true,""Source"":true,""Rank"":true,""Note"":true,""DBLP"":true,""PrimaryFoR"":true,""Comments"":true,""AverageRating"":true,""Links"":true,""ConferenceDate"":true,""SubmissonDate"":true,""NotificationDate"":true,""createdAt"":true,""updatedAt"":true,""__v"":true,""CameraReady"":true,""Location"":true}}},""skipId"":true}",false,"{""_id"":""6639d32b8fb9939b82bceaf1"",""Title"":""International Conference on Theorem Proving with Analytic Tableaux and Related Methods"",""Acronym"":""TABLEAUX"",""Source"":""CORE2023"",""Rank"":""B"",""Note"":""none"",""DBLP"":""view"",""PrimaryFoR"":""4613"",""Comments"":""0"",""AverageRating"":""N/A"",""Links"":[""https://cs.nyu.edu/pipermail/fom/2023-February/023783.html""],""ConferenceDate"":[{""date"":""2023-09-18T00:00:00.000Z"",""keyword"":""Conference start"",""update_time"":""2024-06-01T03:40:42.147Z""},{""date"":""2023-09-21T00:00:00.000Z"",""keyword"":""Conference end"",""update_time"":""2024-06-01T03:40:42.147Z""}],""SubmissonDate"":[{""date"":""2023-05-09T00:00:00.000Z"",""keyword"":""Paper submission deadline"",""update_time"":""2024-05-16T10:12:12.876Z""}],""NotificationDate"":[{""date"":""2023-05-14T00:00:00.000Z"",""keyword"":""Notification of acceptance"",""update_time"":""2024-05-16T10:12:12.876Z""}],""createdAt"":""2024-05-07T07:07:23.312Z"",""updatedAt"":""2024-06-01T03:40:42.148Z"",""__v"":0,""CameraReady"":[],""Location"":""Prague, Czech Republic""}"
"{""activePaths"":{""paths"":{""AverageRating"":""init"",""Comments"":""init"",""PrimaryFoR"":""init"",""DBLP"":""init"",""Note"":""init"",""Rank"":""init"",""Source"":""init"",""Acronym"":""init"",""Title"":""init"",""Links"":""init"",""ConferenceDate"":""init"",""SubmissonDate"":""init"",""NotificationDate"":""init"",""CameraReady"":""init"",""_id"":""init"",""createdAt"":""init"",""updatedAt"":""init"",""__v"":""init""},""states"":{""require"":{},""default"":{},""init"":{""_id"":true,""Title"":true,""Acronym"":true,""Source"":true,""Rank"":true,""Note"":true,""DBLP"":true,""PrimaryFoR"":true,""Comments"":true,""AverageRating"":true,""Links"":true,""ConferenceDate"":true,""SubmissonDate"":true,""NotificationDate"":true,""createdAt"":true,""updatedAt"":true,""__v"":true,""CameraReady"":true}}},""skipId"":true}",false,"{""_id"":""6639d3378fb9939b82bceafb"",""Title"":""International Conference on Trust, Security and Privacy in Computing and Communications"",""Acronym"":""TrustCom"",""Source"":""CORE2023"",""Rank"":""B"",""Note"":""none"",""DBLP"":""view"",""PrimaryFoR"":""4604"",""Comments"":""1"",""AverageRating"":""4"",""Links"":[""https://lists.cs.umbc.edu/pipermail/agents/Week-of-Mon-20230410/013198.html""],""ConferenceDate"":[{""date"":""2023-10-01T00:00:00.000Z"",""keyword"":""Conference Date:"",""update_time"":""2024-05-16T10:12:19.887Z""},{""date"":""2023-05-15T00:00:00.000Z"",""keyword"":""Workshop"",""update_time"":""2024-05-16T10:12:19.887Z""}],""SubmissonDate"":[{""date"":""2023-05-15T00:00:00.000Z"",""keyword"":""Paper Submission Deadline"",""update_time"":""2024-05-16T10:12:19.887Z""}],""NotificationDate"":[{""date"":""2023-07-01T00:00:00.000Z"",""keyword"":""Authors Notification"",""update_time"":""2024-05-16T10:12:19.887Z""}],""createdAt"":""2024-05-07T07:07:35.230Z"",""updatedAt"":""2024-05-16T10:12:19.908Z"",""__v"":0,""CameraReady"":[]}"
"{""activePaths"":{""paths"":{""AverageRating"":""init"",""Comments"":""init"",""PrimaryFoR"":""init"",""DBLP"":""init"",""Note"":""init"",""Rank"":""init"",""Source"":""init"",""Acronym"":""init"",""Title"":""init"",""Links"":""init"",""ConferenceDate"":""init"",""SubmissonDate"":""init"",""NotificationDate"":""init"",""CameraReady"":""default"",""_id"":""init"",""createdAt"":""init"",""updatedAt"":""init"",""__v"":""init"",""Location"":""init""},""states"":{""require"":{},""default"":{""CameraReady"":true},""init"":{""_id"":true,""Title"":true,""Acronym"":true,""Source"":true,""Rank"":true,""Note"":true,""DBLP"":true,""PrimaryFoR"":true,""Comments"":true,""AverageRating"":true,""Links"":true,""ConferenceDate"":true,""SubmissonDate"":true,""NotificationDate"":true,""createdAt"":true,""updatedAt"":true,""__v"":true,""Location"":true}}},""skipId"":true}",false,"{""CameraReady"":[],""_id"":""6639d3618fb9939b82bceb1f"",""Title"":""International Cross-Domain Conference for Machine Learning and Knowledge Extraction"",""Acronym"":""CD-MAKE"",""Source"":""CORE2023"",""Rank"":""C"",""Note"":""none"",""DBLP"":""view"",""PrimaryFoR"":""4602"",""Comments"":""0"",""AverageRating"":""N/A"",""Links"":[""https://cd-make.net/call-for-papers/""],""ConferenceDate"":[{""date"":""2024-08-29T00:00:00.000Z"",""keyword"":""Conference start"",""update_time"":""2024-06-01T03:35:04.434Z""},{""date"":""2023-09-01T00:00:00.000Z"",""keyword"":""Conference end"",""update_time"":""2024-06-01T03:35:04.434Z""}],""SubmissonDate"":[{""date"":""2023-03-27T00:00:00.000Z"",""keyword"":""Paper Submission Deadline"",""update_time"":""2024-05-08T02:17:51.316Z""},{""date"":""2023-03-13T00:00:00.000Z"",""keyword"":""Abstract Submission"",""update_time"":""2024-05-08T02:17:51.316Z""}],""NotificationDate"":[{""date"":""2023-06-01T00:00:00.000Z"",""keyword"":""Author Notification"",""update_time"":""2024-05-08T02:17:51.321Z""}],""createdAt"":""2024-05-07T07:08:17.068Z"",""updatedAt"":""2024-06-01T03:35:04.434Z"",""__v"":0,""Location"":""Benevento, Italy""}"
"{""activePaths"":{""paths"":{""AverageRating"":""init"",""Comments"":""init"",""PrimaryFoR"":""init"",""DBLP"":""init"",""Note"":""init"",""Rank"":""init"",""Source"":""init"",""Acronym"":""init"",""Title"":""init"",""Links"":""init"",""ConferenceDate"":""init"",""SubmissonDate"":""init"",""NotificationDate"":""init"",""CameraReady"":""init"",""_id"":""init"",""createdAt"":""init"",""updatedAt"":""init"",""__v"":""init"",""Location"":""init""},""states"":{""require"":{},""default"":{},""init"":{""_id"":true,""Title"":true,""Acronym"":true,""Source"":true,""Rank"":true,""Note"":true,""DBLP"":true,""PrimaryFoR"":true,""Comments"":true,""AverageRating"":true,""Links"":true,""ConferenceDate"":true,""SubmissonDate"":true,""NotificationDate"":true,""createdAt"":true,""updatedAt"":true,""__v"":true,""CameraReady"":true,""Location"":true}}},""skipId"":true}",false,"{""_id"":""6639d3808fb9939b82bceb39"",""Title"":""International Joint Conference on Rough Sets (2014 International Conference on Rough Sets and Current Trends in Computing joined with 3 others)"",""Acronym"":""IJCRS (was RSCTC)"",""Source"":""CORE2023"",""Rank"":""C"",""Note"":""none"",""DBLP"":""view"",""PrimaryFoR"":""4602"",""Comments"":""0"",""AverageRating"":""N/A"",""Links"":[""https://ijcrs2023.agh.edu.pl/""],""ConferenceDate"":[{""date"":""2023-10-05T00:00:00.000Z"",""keyword"":""Conference start"",""update_time"":""2024-06-01T03:48:41.671Z""},{""date"":""2023-10-08T00:00:00.000Z"",""keyword"":""Conference end"",""update_time"":""2024-06-01T03:48:41.671Z""}],""SubmissonDate"":[{""date"":""2023-08-31T00:00:00.000Z"",""keyword"":""Paper submission deadline"",""update_time"":""2024-05-16T10:15:11.394Z""},{""date"":""2024-04-30T00:00:00.000Z"",""keyword"":""Abstracts"",""update_time"":""2024-05-16T10:15:11.394Z""}],""NotificationDate"":[{""date"":""2023-09-14T00:00:00.000Z"",""keyword"":""Notification of acceptance"",""update_time"":""2024-05-16T10:15:11.396Z""}],""createdAt"":""2024-05-07T07:08:48.488Z"",""updatedAt"":""2024-06-01T03:48:41.672Z"",""__v"":0,""CameraReady"":[],""Location"":""Krakow, Poland""}"
"{""activePaths"":{""paths"":{""AverageRating"":""init"",""Comments"":""init"",""PrimaryFoR"":""init"",""DBLP"":""init"",""Note"":""init"",""Rank"":""init"",""Source"":""init"",""Acronym"":""init"",""Title"":""init"",""Links"":""init"",""ConferenceDate"":""init"",""SubmissonDate"":""init"",""NotificationDate"":""init"",""CameraReady"":""init"",""_id"":""init"",""createdAt"":""init"",""updatedAt"":""init"",""__v"":""init"",""Location"":""init""},""states"":{""require"":{},""default"":{},""init"":{""_id"":true,""Title"":true,""Acronym"":true,""Source"":true,""Rank"":true,""Note"":true,""DBLP"":true,""PrimaryFoR"":true,""Comments"":true,""AverageRating"":true,""Links"":true,""ConferenceDate"":true,""SubmissonDate"":true,""NotificationDate"":true,""createdAt"":true,""updatedAt"":true,""__v"":true,""CameraReady"":true,""Location"":true}}},""skipId"":true}",false,"{""_id"":""6639d3838fb9939b82bceb3b"",""Title"":""International Joint Conference on Rules and Reasoning"",""Acronym"":""RuleML+RR"",""Source"":""CORE2023"",""Rank"":""B"",""Note"":""none"",""DBLP"":""view"",""PrimaryFoR"":""4602"",""Comments"":""0"",""AverageRating"":""N/A"",""Links"":[""https://2023.declarativeai.net/events/ruleml-rr/ruleml-rr-cfp""],""ConferenceDate"":[{""date"":""2024-08-31T00:00:00.000Z"",""keyword"":""Conference"",""update_time"":""2024-05-16T10:15:18.303Z""}],""SubmissonDate"":[{""date"":""2023-06-17T00:00:00.000Z"",""keyword"":""Paper submission deadline"",""update_time"":""2024-05-16T10:15:18.302Z""}],""NotificationDate"":[{""date"":""2023-07-20T00:00:00.000Z"",""keyword"":""Notification of acceptance"",""update_time"":""2024-05-16T10:15:18.303Z""}],""createdAt"":""2024-05-07T07:08:51.262Z"",""updatedAt"":""2024-05-31T08:49:06.575Z"",""__v"":0,""CameraReady"":[],""Location"":""Oslo, Norway""}"
"{""activePaths"":{""paths"":{""AverageRating"":""init"",""Comments"":""init"",""PrimaryFoR"":""init"",""DBLP"":""init"",""Note"":""init"",""Rank"":""init"",""Source"":""init"",""Acronym"":""init"",""Title"":""init"",""Links"":""init"",""ConferenceDate"":""init"",""SubmissonDate"":""init"",""NotificationDate"":""init"",""CameraReady"":""init"",""_id"":""init"",""createdAt"":""init"",""updatedAt"":""init"",""__v"":""init""},""states"":{""require"":{},""default"":{},""init"":{""_id"":true,""Title"":true,""Acronym"":true,""Source"":true,""Rank"":true,""Note"":true,""DBLP"":true,""PrimaryFoR"":true,""Comments"":true,""AverageRating"":true,""Links"":true,""ConferenceDate"":true,""SubmissonDate"":true,""NotificationDate"":true,""createdAt"":true,""updatedAt"":true,""__v"":true,""CameraReady"":true}}},""skipId"":true}",false,"{""_id"":""6639d3908fb9939b82bceb45"",""Title"":""International Picture Coding Symposium"",""Acronym"":""PCS"",""Source"":""CORE2023"",""Rank"":""C"",""Note"":""none"",""DBLP"":""view"",""PrimaryFoR"":""4603"",""Comments"":""0"",""AverageRating"":""N/A"",""Links"":[""https://2022.picturecodingsymposium.org/""],""ConferenceDate"":[{""date"":""1970-01-01T00:00:00.000Z"",""keyword"":""conference in"",""update_time"":""2024-05-22T02:39:05.529Z""},{""date"":""2022-12-09T00:00:00.000Z"",""keyword"":""Symposium"",""update_time"":""2024-05-22T02:39:05.529Z""}],""SubmissonDate"":[{""date"":""2022-07-15T00:00:00.000Z"",""keyword"":""Paper Submission"",""update_time"":""2024-05-22T02:39:05.528Z""},{""date"":""2022-05-31T00:00:00.000Z"",""keyword"":""Submissions"",""update_time"":""2024-05-22T02:39:05.528Z""},{""date"":""2022-10-31T00:00:00.000Z"",""keyword"":""Deadline"",""update_time"":""2024-05-22T02:39:05.529Z""}],""NotificationDate"":[{""date"":""2022-09-15T00:00:00.000Z"",""keyword"":""Notification of Paper Acceptance"",""update_time"":""2024-05-22T02:39:05.530Z""},{""date"":""2022-06-10T00:00:00.000Z"",""keyword"":""Acceptance Notification"",""update_time"":""2024-05-22T02:39:05.530Z""}],""createdAt"":""2024-05-07T07:09:04.033Z"",""updatedAt"":""2024-05-22T02:39:05.554Z"",""__v"":0,""CameraReady"":[{""date"":""2022-09-30T00:00:00.000Z"",""keyword"":""Camera-Ready"",""update_time"":""2024-05-22T02:39:05.530Z""}]}"
"{""activePaths"":{""paths"":{""AverageRating"":""init"",""Comments"":""init"",""PrimaryFoR"":""init"",""DBLP"":""init"",""Note"":""init"",""Rank"":""init"",""Source"":""init"",""Acronym"":""init"",""Title"":""init"",""Links"":""init"",""ConferenceDate"":""init"",""SubmissonDate"":""init"",""NotificationDate"":""init"",""CameraReady"":""init"",""_id"":""init"",""createdAt"":""init"",""updatedAt"":""init"",""__v"":""init"",""Location"":""init""},""states"":{""require"":{},""default"":{},""init"":{""_id"":true,""Title"":true,""Acronym"":true,""Source"":true,""Rank"":true,""Note"":true,""DBLP"":true,""PrimaryFoR"":true,""Comments"":true,""AverageRating"":true,""Links"":true,""ConferenceDate"":true,""SubmissonDate"":true,""NotificationDate"":true,""createdAt"":true,""updatedAt"":true,""__v"":true,""CameraReady"":true,""Location"":true}}},""skipId"":true}",false,"{""_id"":""6639d3988fb9939b82bceb4d"",""Title"":""International Symposium on Algorithmic Game Theory"",""Acronym"":""SAGT"",""Source"":""CORE2023"",""Rank"":""B"",""Note"":""none"",""DBLP"":""view"",""PrimaryFoR"":""4613"",""Comments"":""0"",""AverageRating"":""N/A"",""Links"":[""https://www.royalholloway.ac.uk/research-and-teaching/departments-and-schools/computer-science/sagt-2023""],""ConferenceDate"":[{""date"":""2023-06-30T00:00:00.000Z"",""keyword"":""Conference Dates:"",""update_time"":""2024-05-22T15:48:48.554Z""},{""date"":""2023-08-31T00:00:00.000Z"",""keyword"":""take place"",""update_time"":""2024-05-22T15:48:48.564Z""},{""date"":""2023-04-30T00:00:00.000Z"",""keyword"":""Symposium"",""update_time"":""2024-05-22T15:48:48.566Z""}],""SubmissonDate"":[{""date"":""2023-04-30T23:59:00.000Z"",""keyword"":""Submission Deadline"",""update_time"":""2024-05-22T15:48:48.531Z""},{""date"":""2024-04-30T00:00:00.000Z"",""keyword"":""Submissions"",""update_time"":""2024-05-22T15:48:48.538Z""}],""NotificationDate"":[{""date"":""2023-07-01T00:00:00.000Z"",""keyword"":""Notification"",""update_time"":""2024-05-22T15:48:48.591Z""}],""createdAt"":""2024-05-07T07:09:12.558Z"",""updatedAt"":""2024-05-30T07:10:54.721Z"",""__v"":0,""CameraReady"":[{""date"":""2023-06-30T00:00:00.000Z"",""keyword"":""Camera Ready Deadline:"",""update_time"":""2024-05-22T15:48:48.597Z""}],""Location"":""Egham, UK""}"
"{""activePaths"":{""paths"":{""AverageRating"":""init"",""Comments"":""init"",""PrimaryFoR"":""init"",""DBLP"":""init"",""Note"":""init"",""Rank"":""init"",""Source"":""init"",""Acronym"":""init"",""Title"":""init"",""Links"":""init"",""ConferenceDate"":""init"",""SubmissonDate"":""init"",""NotificationDate"":""init"",""CameraReady"":""init"",""_id"":""init"",""createdAt"":""init"",""updatedAt"":""init"",""__v"":""init""},""states"":{""require"":{},""default"":{},""init"":{""_id"":true,""Title"":true,""Acronym"":true,""Source"":true,""Rank"":true,""Note"":true,""DBLP"":true,""PrimaryFoR"":true,""Comments"":true,""AverageRating"":true,""Links"":true,""ConferenceDate"":true,""SubmissonDate"":true,""NotificationDate"":true,""createdAt"":true,""updatedAt"":true,""__v"":true,""CameraReady"":true}}},""skipId"":true}",false,"{""_id"":""6639d5284fd45eb8c2e6708c"",""Title"":""International Workshop on High-Level Parallel Programming Models and Supportive Environments"",""Acronym"":""HIPS"",""Source"":""CORE2023"",""Rank"":""C"",""Note"":""none"",""DBLP"":""none"",""PrimaryFoR"":""4606"",""Comments"":""0"",""AverageRating"":""N/A"",""Links"":[""https://hips2023.github.io/""],""ConferenceDate"":[{""date"":""2024-04-30T00:00:00.000Z"",""keyword"":""Shanghai, China"",""update_time"":""2024-05-16T10:37:59.205Z""},{""date"":""2024-04-30T00:00:00.000Z"",""keyword"":""conference"",""update_time"":""2024-05-16T10:37:59.205Z""},{""date"":""2023-05-15T00:00:00.000Z"",""keyword"":""Program"",""update_time"":""2024-05-16T10:37:59.205Z""}],""SubmissonDate"":[{""date"":""2023-12-31T00:00:00.000Z"",""keyword"":""Submission due date"",""update_time"":""2024-05-16T10:37:59.203Z""},{""date"":""2024-04-30T00:00:00.000Z"",""keyword"":""Short papers"",""update_time"":""2024-05-16T10:37:59.203Z""},{""date"":""2024-04-30T00:00:00.000Z"",""keyword"":""Full papers"",""update_time"":""2024-05-16T10:37:59.203Z""},{""date"":""2023-12-31T00:00:00.000Z"",""keyword"":""Deadline"",""update_time"":""2024-05-16T10:37:59.204Z""},{""date"":""2024-05-16T10:37:59.205Z"",""keyword"":""Abstract"",""update_time"":""2024-05-16T10:37:59.205Z""}],""NotificationDate"":[{""date"":""2023-02-21T00:00:00.000Z"",""keyword"":""Author notification"",""update_time"":""2024-05-16T10:37:59.205Z""}],""createdAt"":""2024-05-07T07:15:52.025Z"",""updatedAt"":""2024-05-16T10:37:59.220Z"",""__v"":0,""CameraReady"":[]}"
"{""activePaths"":{""paths"":{""AverageRating"":""init"",""Comments"":""init"",""PrimaryFoR"":""init"",""DBLP"":""init"",""Note"":""init"",""Rank"":""init"",""Source"":""init"",""Acronym"":""init"",""Title"":""init"",""Links"":""init"",""ConferenceDate"":""init"",""SubmissonDate"":""init"",""NotificationDate"":""init"",""CameraReady"":""init"",""_id"":""init"",""createdAt"":""init"",""updatedAt"":""init"",""__v"":""init"",""Location"":""init""},""states"":{""require"":{},""default"":{},""init"":{""_id"":true,""Title"":true,""Acronym"":true,""Source"":true,""Rank"":true,""Note"":true,""DBLP"":true,""PrimaryFoR"":true,""Comments"":true,""AverageRating"":true,""Links"":true,""ConferenceDate"":true,""SubmissonDate"":true,""NotificationDate"":true,""createdAt"":true,""updatedAt"":true,""__v"":true,""CameraReady"":true,""Location"":true}}},""skipId"":true}",false,"{""_id"":""6639d5454fd45eb8c2e670a4"",""Title"":""International Workshop on Visualization for Cyber Security"",""Acronym"":""VizSec"",""Source"":""CORE2023"",""Rank"":""C"",""Note"":""none"",""DBLP"":""view"",""PrimaryFoR"":""4608"",""Comments"":""0"",""AverageRating"":""N/A"",""Links"":[""https://vizsec.org/2023/04/05/CFP.html""],""ConferenceDate"":[{""date"":""2023-10-25T00:00:00.000Z"",""keyword"":""Conference start"",""update_time"":""2024-06-01T03:51:51.399Z""}],""SubmissonDate"":[{""date"":""2023-07-12T00:00:00.000Z"",""keyword"":""Submission deadline for"",""update_time"":""2024-05-16T10:39:19.097Z""},{""date"":""2024-07-31T00:00:00.000Z"",""keyword"":""Abstract"",""update_time"":""2024-05-16T10:39:19.097Z""}],""NotificationDate"":[{""date"":""2024-08-31T00:00:00.000Z"",""keyword"":""Scholarship Notification"",""update_time"":""2024-05-16T10:39:19.098Z""},{""date"":""2023-07-21T00:00:00.000Z"",""keyword"":""Author notifications"",""update_time"":""2024-05-16T10:39:19.098Z""}],""createdAt"":""2024-05-07T07:16:21.417Z"",""updatedAt"":""2024-06-01T03:51:51.399Z"",""__v"":0,""CameraReady"":[],""Location"":""Melbourne, Australia""}"
"{""activePaths"":{""paths"":{""AverageRating"":""init"",""Comments"":""init"",""PrimaryFoR"":""init"",""DBLP"":""init"",""Note"":""init"",""Rank"":""init"",""Source"":""init"",""Acronym"":""init"",""Title"":""init"",""Links"":""init"",""ConferenceDate"":""init"",""SubmissonDate"":""init"",""NotificationDate"":""init"",""CameraReady"":""init"",""_id"":""init"",""createdAt"":""init"",""updatedAt"":""init"",""__v"":""init"",""Location"":""init""},""states"":{""require"":{},""default"":{},""init"":{""_id"":true,""Title"":true,""Acronym"":true,""Source"":true,""Rank"":true,""Note"":true,""DBLP"":true,""PrimaryFoR"":true,""Comments"":true,""AverageRating"":true,""Links"":true,""createdAt"":true,""updatedAt"":true,""__v"":true,""ConferenceDate"":true,""NotificationDate"":true,""SubmissonDate"":true,""CameraReady"":true,""Location"":true}}},""skipId"":true}",false,"{""_id"":""6639d54c4fd45eb8c2e670aa"",""Title"":""International World Wide Web Conference"",""Acronym"":""WWW"",""Source"":""CORE2023"",""Rank"":""A*"",""Note"":""none"",""DBLP"":""view"",""PrimaryFoR"":""4606"",""Comments"":""2"",""AverageRating"":""4.5"",""Links"":[""https://www.is.vnu.edu.vn/call-for-papers-2023-vietnam-symposium-in-entrepreneurship-finance-and-innovation/""],""createdAt"":""2024-05-07T07:16:28.828Z"",""updatedAt"":""2024-06-01T04:22:30.586Z"",""__v"":0,""ConferenceDate"":[{""date"":""2023-04-30T00:00:00.000Z"",""keyword"":""Conference start"",""update_time"":""2024-06-01T04:22:30.585Z""},{""date"":""2023-05-04T00:00:00.000Z"",""keyword"":""Conference end"",""update_time"":""2024-06-01T04:22:30.585Z""}],""NotificationDate"":[{""date"":""2023-06-20T00:00:00.000Z"",""keyword"":""Notification of"",""update_time"":""2024-05-16T12:31:15.716Z""}],""SubmissonDate"":[{""date"":""2023-06-20T00:00:00.000Z"",""keyword"":""Submission deadline"",""update_time"":""2024-05-16T12:31:15.715Z""},{""date"":""2023-06-20T00:00:00.000Z"",""keyword"":""Paper Submission"",""update_time"":""2024-05-16T12:31:15.716Z""}],""CameraReady"":[],""Location"":""Austin, TX, USA""}"
"{""activePaths"":{""paths"":{""AverageRating"":""init"",""Comments"":""init"",""PrimaryFoR"":""init"",""DBLP"":""init"",""Note"":""init"",""Rank"":""init"",""Source"":""init"",""Acronym"":""init"",""Title"":""init"",""Links"":""init"",""ConferenceDate"":""init"",""SubmissonDate"":""init"",""NotificationDate"":""init"",""CameraReady"":""init"",""_id"":""init"",""createdAt"":""init"",""updatedAt"":""init"",""__v"":""init"",""Location"":""init""},""states"":{""require"":{},""default"":{},""init"":{""_id"":true,""Title"":true,""Acronym"":true,""Source"":true,""Rank"":true,""Note"":true,""DBLP"":true,""PrimaryFoR"":true,""Comments"":true,""AverageRating"":true,""Links"":true,""createdAt"":true,""updatedAt"":true,""__v"":true,""ConferenceDate"":true,""NotificationDate"":true,""SubmissonDate"":true,""CameraReady"":true,""Location"":true}}},""skipId"":true}",false,"{""_id"":""6639d55b4fd45eb8c2e670b6"",""Title"":""Joint Conference on Computer Vision, Imaging and Computer Graphics Theory and Applications (GRAPP and VISAPP combined from 2008)"",""Acronym"":""VISIGRAPP"",""Source"":""CORE2023"",""Rank"":""Multiconference"",""Note"":""none"",""DBLP"":""view"",""PrimaryFoR"":""4603"",""Comments"":""0"",""AverageRating"":""N/A"",""Links"":[""https://confcal.vrvis.at/conferences/visigrapp/visigrapp-2023/""],""createdAt"":""2024-05-07T07:16:43.112Z"",""updatedAt"":""2024-06-01T04:22:35.813Z"",""__v"":0,""ConferenceDate"":[{""date"":""2023-02-19T00:00:00.000Z"",""keyword"":""Conference start"",""update_time"":""2024-06-01T04:22:35.813Z""},{""date"":""2023-02-21T00:00:00.000Z"",""keyword"":""Conference end"",""update_time"":""2024-06-01T04:22:35.813Z""}],""NotificationDate"":[],""SubmissonDate"":[{""date"":""2022-12-20T00:00:00.000Z"",""keyword"":""Deadline"",""update_time"":""2024-05-16T12:31:51.318Z""}],""CameraReady"":[],""Location"":""Lisbon, Portugal""}"
"{""activePaths"":{""paths"":{""AverageRating"":""init"",""Comments"":""init"",""PrimaryFoR"":""init"",""DBLP"":""init"",""Note"":""init"",""Rank"":""init"",""Source"":""init"",""Acronym"":""init"",""Title"":""init"",""Links"":""init"",""ConferenceDate"":""init"",""SubmissonDate"":""init"",""NotificationDate"":""init"",""CameraReady"":""default"",""_id"":""init"",""createdAt"":""init"",""updatedAt"":""init"",""__v"":""init"",""Location"":""init""},""states"":{""require"":{},""default"":{""CameraReady"":true},""init"":{""_id"":true,""Title"":true,""Acronym"":true,""Source"":true,""Rank"":true,""Note"":true,""DBLP"":true,""PrimaryFoR"":true,""Comments"":true,""AverageRating"":true,""Links"":true,""ConferenceDate"":true,""SubmissonDate"":true,""NotificationDate"":true,""createdAt"":true,""updatedAt"":true,""__v"":true,""Location"":true}}},""skipId"":true}",false,"{""CameraReady"":[],""_id"":""6639d5874fd45eb8c2e670dc"",""Title"":""Medical Image Computing and Computer-Assisted Intervention"",""Acronym"":""MICCAI"",""Source"":""CORE2023"",""Rank"":""A"",""Note"":""none"",""DBLP"":""view"",""PrimaryFoR"":""4601"",""Comments"":""0"",""AverageRating"":""N/A"",""Links"":[""https://conferences.miccai.org/2023/en/CALL-FOR-PAPERS.html""],""ConferenceDate"":[{""date"":""2023-10-08T00:00:00.000Z"",""keyword"":""Conference start"",""update_time"":""2024-06-01T03:35:22.619Z""},{""date"":""2023-10-12T00:00:00.000Z"",""keyword"":""Conference end"",""update_time"":""2024-06-01T03:35:22.619Z""}],""SubmissonDate"":[{""date"":""2023-01-31T00:00:00.000Z"",""keyword"":""Full Paper Submission"",""update_time"":""2024-05-08T03:17:54.551Z""},{""date"":""2022-12-31T00:00:00.000Z"",""keyword"":""Intention to Submit"",""update_time"":""2024-05-08T03:17:54.552Z""},{""date"":""2024-02-29T00:00:00.000Z"",""keyword"":""submission deadline"",""update_time"":""2024-05-08T03:17:54.552Z""}],""NotificationDate"":[{""date"":""2023-02-28T00:00:00.000Z"",""keyword"":""Final Decision Notification"",""update_time"":""2024-05-08T03:17:54.564Z""}],""createdAt"":""2024-05-07T07:17:27.582Z"",""updatedAt"":""2024-06-01T03:35:22.620Z"",""__v"":0,""Location"":""Vancouver, BC, Canada""}"
"{""activePaths"":{""paths"":{""AverageRating"":""init"",""Comments"":""init"",""PrimaryFoR"":""init"",""DBLP"":""init"",""Note"":""init"",""Rank"":""init"",""Source"":""init"",""Acronym"":""init"",""Title"":""init"",""Links"":""init"",""ConferenceDate"":""init"",""SubmissonDate"":""init"",""NotificationDate"":""init"",""CameraReady"":""init"",""_id"":""init"",""createdAt"":""init"",""updatedAt"":""init"",""__v"":""init"",""Location"":""init""},""states"":{""require"":{},""default"":{},""init"":{""_id"":true,""Title"":true,""Acronym"":true,""Source"":true,""Rank"":true,""Note"":true,""DBLP"":true,""PrimaryFoR"":true,""Comments"":true,""AverageRating"":true,""Links"":true,""ConferenceDate"":true,""SubmissonDate"":true,""NotificationDate"":true,""createdAt"":true,""updatedAt"":true,""__v"":true,""CameraReady"":true,""Location"":true}}},""skipId"":true}",false,"{""_id"":""6639d59a4fd45eb8c2e670ec"",""Title"":""New Security Paradigms Workshop"",""Acronym"":""NSPW"",""Source"":""CORE2023"",""Rank"":""C"",""Note"":""none"",""DBLP"":""view"",""PrimaryFoR"":""4604"",""Comments"":""0"",""AverageRating"":""N/A"",""Links"":[""https://www.nspw.org/2023/cfp""],""ConferenceDate"":[{""date"":""2023-09-18T00:00:00.000Z"",""keyword"":""Conference start"",""update_time"":""2024-06-01T03:52:48.669Z""},{""date"":""2023-09-21T00:00:00.000Z"",""keyword"":""Conference end"",""update_time"":""2024-06-01T03:52:48.669Z""}],""SubmissonDate"":[{""date"":""2023-05-26T00:00:00.000Z"",""keyword"":""Submission deadline"",""update_time"":""2024-05-16T10:41:43.681Z""}],""NotificationDate"":[{""date"":""2024-05-31T00:00:00.000Z"",""keyword"":""Notification of acceptance"",""update_time"":""2024-05-16T10:41:43.682Z""}],""createdAt"":""2024-05-07T07:17:46.867Z"",""updatedAt"":""2024-06-01T03:52:48.669Z"",""__v"":0,""CameraReady"":[],""Location"":""Segovia, Spain""}"
"{""activePaths"":{""paths"":{""AverageRating"":""init"",""Comments"":""init"",""PrimaryFoR"":""init"",""DBLP"":""init"",""Note"":""init"",""Rank"":""init"",""Source"":""init"",""Acronym"":""init"",""Title"":""init"",""Links"":""init"",""ConferenceDate"":""init"",""SubmissonDate"":""init"",""NotificationDate"":""init"",""CameraReady"":""init"",""_id"":""init"",""createdAt"":""init"",""updatedAt"":""init"",""__v"":""init""},""states"":{""require"":{},""default"":{},""init"":{""_id"":true,""Title"":true,""Acronym"":true,""Source"":true,""Rank"":true,""Note"":true,""DBLP"":true,""PrimaryFoR"":true,""Comments"":true,""AverageRating"":true,""Links"":true,""ConferenceDate"":true,""SubmissonDate"":true,""NotificationDate"":true,""createdAt"":true,""updatedAt"":true,""__v"":true,""CameraReady"":true}}},""skipId"":true}",false,"{""_id"":""6639d5a74fd45eb8c2e670f4"",""Title"":""North American Association for Computational Linguistics"",""Acronym"":""NAACL"",""Source"":""CORE2023"",""Rank"":""A"",""Note"":""none"",""DBLP"":""view"",""PrimaryFoR"":""4602"",""Comments"":""1"",""AverageRating"":""5"",""Links"":[""https://2024.naacl.org/calls/papers/""],""ConferenceDate"":[{""date"":""2023-12-15T00:00:00.000Z"",""keyword"":""conference"",""update_time"":""2024-05-16T10:42:10.325Z""},{""date"":""2023-11-15T00:00:00.000Z"",""keyword"":""Dates"",""update_time"":""2024-05-16T10:42:10.325Z""}],""SubmissonDate"":[{""date"":""2023-12-15T00:00:00.000Z"",""keyword"":""Submission deadline for"",""update_time"":""2024-05-16T10:42:10.324Z""},{""date"":""2023-11-30T00:00:00.000Z"",""keyword"":""Paper Submission"",""update_time"":""2024-05-16T10:42:10.324Z""}],""NotificationDate"":[{""date"":""2024-03-15T00:00:00.000Z"",""keyword"":""Notification of acceptance for"",""update_time"":""2024-05-16T10:42:10.325Z""}],""createdAt"":""2024-05-07T07:17:59.053Z"",""updatedAt"":""2024-05-16T10:42:10.343Z"",""__v"":0,""CameraReady"":[]}"
"{""activePaths"":{""paths"":{""AverageRating"":""init"",""Comments"":""init"",""PrimaryFoR"":""init"",""DBLP"":""init"",""Note"":""init"",""Rank"":""init"",""Source"":""init"",""Acronym"":""init"",""Title"":""init"",""Links"":""init"",""ConferenceDate"":""init"",""SubmissonDate"":""init"",""NotificationDate"":""init"",""CameraReady"":""init"",""_id"":""init"",""createdAt"":""init"",""updatedAt"":""init"",""__v"":""init""},""states"":{""require"":{},""default"":{},""init"":{""_id"":true,""Title"":true,""Acronym"":true,""Source"":true,""Rank"":true,""Note"":true,""DBLP"":true,""PrimaryFoR"":true,""Comments"":true,""AverageRating"":true,""Links"":true,""ConferenceDate"":true,""SubmissonDate"":true,""NotificationDate"":true,""createdAt"":true,""updatedAt"":true,""__v"":true,""CameraReady"":true}}},""skipId"":true}",false,"{""_id"":""6639d5aa4fd45eb8c2e670f6"",""Title"":""Onward Software Engineering"",""Acronym"":""Onward"",""Source"":""CORE2023"",""Rank"":""C"",""Note"":""none"",""DBLP"":""none"",""PrimaryFoR"":""4612"",""Comments"":""0"",""AverageRating"":""N/A"",""Links"":[""https://2023.splashcon.org/track/splash-2023-Onward-papers""],""ConferenceDate"":[{""date"":""2024-04-30T00:00:00.000Z"",""keyword"":""conference"",""update_time"":""2024-05-16T10:42:18.011Z""}],""SubmissonDate"":[{""date"":""2023-04-28T00:00:00.000Z"",""keyword"":""Submission deadline"",""update_time"":""2024-05-16T10:42:18.009Z""},{""date"":""2023-07-21T00:00:00.000Z"",""keyword"":""Revisions due"",""update_time"":""2024-05-16T10:42:18.009Z""},{""date"":""2024-04-30T00:00:00.000Z"",""keyword"":""Submissions"",""update_time"":""2024-05-16T10:42:18.010Z""}],""NotificationDate"":[{""date"":""2023-06-21T00:00:00.000Z"",""keyword"":""First round notification"",""update_time"":""2024-05-16T10:42:18.011Z""},{""date"":""2023-08-11T00:00:00.000Z"",""keyword"":""Final notification"",""update_time"":""2024-05-16T10:42:18.011Z""}],""createdAt"":""2024-05-07T07:18:02.813Z"",""updatedAt"":""2024-05-16T10:42:18.030Z"",""__v"":0,""CameraReady"":[]}"
"{""activePaths"":{""paths"":{""AverageRating"":""init"",""Comments"":""init"",""PrimaryFoR"":""init"",""DBLP"":""init"",""Note"":""init"",""Rank"":""init"",""Source"":""init"",""Acronym"":""init"",""Title"":""init"",""Links"":""init"",""ConferenceDate"":""init"",""SubmissonDate"":""init"",""NotificationDate"":""init"",""CameraReady"":""init"",""_id"":""init"",""createdAt"":""init"",""updatedAt"":""init"",""__v"":""init"",""Location"":""init""},""states"":{""require"":{},""default"":{},""init"":{""_id"":true,""Title"":true,""Acronym"":true,""Source"":true,""Rank"":true,""Note"":true,""DBLP"":true,""PrimaryFoR"":true,""Comments"":true,""AverageRating"":true,""Links"":true,""ConferenceDate"":true,""SubmissonDate"":true,""NotificationDate"":true,""createdAt"":true,""updatedAt"":true,""__v"":true,""CameraReady"":true,""Location"":true}}},""skipId"":true}",false,"{""_id"":""6639d5b54fd45eb8c2e670fc"",""Title"":""Pacific Rim International Conference on Artificial Intelligence"",""Acronym"":""PRICAI"",""Source"":""CORE2023"",""Rank"":""B"",""Note"":""none"",""DBLP"":""view"",""PrimaryFoR"":""4602"",""Comments"":""0"",""AverageRating"":""N/A"",""Links"":[""https://www.pricai.org/2023/calls/call-for-papers""],""ConferenceDate"":[{""date"":""2023-11-15T00:00:00.000Z"",""keyword"":""Conference start"",""update_time"":""2024-06-01T03:52:57.029Z""},{""date"":""2023-11-19T00:00:00.000Z"",""keyword"":""Conference end"",""update_time"":""2024-06-01T03:52:57.029Z""}],""SubmissonDate"":[{""date"":""2023-06-12T00:00:00.000Z"",""keyword"":""Paper Submission Deadline"",""update_time"":""2024-05-16T10:42:35.752Z""}],""NotificationDate"":[{""date"":""2023-08-07T00:00:00.000Z"",""keyword"":""Notification"",""update_time"":""2024-05-16T10:42:35.753Z""}],""createdAt"":""2024-05-07T07:18:13.654Z"",""updatedAt"":""2024-06-01T03:52:57.029Z"",""__v"":0,""CameraReady"":[],""Location"":""Jakarta, Indonesia""}"
"{""activePaths"":{""paths"":{""AverageRating"":""init"",""Comments"":""init"",""PrimaryFoR"":""init"",""DBLP"":""init"",""Note"":""init"",""Rank"":""init"",""Source"":""init"",""Acronym"":""init"",""Title"":""init"",""Links"":""init"",""ConferenceDate"":""init"",""SubmissonDate"":""init"",""NotificationDate"":""init"",""CameraReady"":""init"",""_id"":""init"",""createdAt"":""init"",""updatedAt"":""init"",""__v"":""init""},""states"":{""require"":{},""default"":{},""init"":{""_id"":true,""Title"":true,""Acronym"":true,""Source"":true,""Rank"":true,""Note"":true,""DBLP"":true,""PrimaryFoR"":true,""Comments"":true,""AverageRating"":true,""Links"":true,""ConferenceDate"":true,""SubmissonDate"":true,""NotificationDate"":true,""createdAt"":true,""updatedAt"":true,""__v"":true,""CameraReady"":true}}},""skipId"":true}",false,"{""_id"":""6639d5c94fd45eb8c2e6710a"",""Title"":""Parallel Problem Solving from Nature"",""Acronym"":""PPSN"",""Source"":""CORE2023"",""Rank"":""A"",""Note"":""none"",""DBLP"":""view"",""PrimaryFoR"":""4611"",""Comments"":""1"",""AverageRating"":""5"",""Links"":[""https://ppsn2024.fh-ooe.at/""],""ConferenceDate"":[{""date"":""2024-08-31T00:00:00.000Z"",""keyword"":""Conference:"",""update_time"":""2024-05-16T10:43:14.953Z""},{""date"":""2024-08-31T00:00:00.000Z"",""keyword"":""take place"",""update_time"":""2024-05-16T10:43:14.953Z""},{""date"":""2024-08-31T00:00:00.000Z"",""keyword"":""Workshops"",""update_time"":""2024-05-16T10:43:14.954Z""},{""date"":""2024-02-09T00:00:00.000Z"",""keyword"":""Tutorials"",""update_time"":""2024-05-16T10:43:14.954Z""}],""SubmissonDate"":[{""date"":""2024-04-05T00:00:00.000Z"",""keyword"":""Paper submission due"",""update_time"":""2024-05-16T10:43:14.953Z""},{""date"":""2024-04-05T00:00:00.000Z"",""keyword"":""Close"",""update_time"":""2024-05-16T10:43:14.953Z""}],""NotificationDate"":[{""date"":""2024-02-23T00:00:00.000Z"",""keyword"":""Workshop acceptance notification"",""update_time"":""2024-05-16T10:43:14.954Z""},{""date"":""2024-05-31T00:00:00.000Z"",""keyword"":""Paper acceptance notification"",""update_time"":""2024-05-16T10:43:14.954Z""}],""createdAt"":""2024-05-07T07:18:33.403Z"",""updatedAt"":""2024-05-16T10:43:14.991Z"",""__v"":0,""CameraReady"":[]}"
"{""activePaths"":{""paths"":{""AverageRating"":""init"",""Comments"":""init"",""PrimaryFoR"":""init"",""DBLP"":""init"",""Note"":""init"",""Rank"":""init"",""Source"":""init"",""Acronym"":""init"",""Title"":""init"",""Links"":""init"",""ConferenceDate"":""init"",""SubmissonDate"":""init"",""NotificationDate"":""init"",""CameraReady"":""init"",""_id"":""init"",""createdAt"":""init"",""updatedAt"":""init"",""__v"":""init"",""Location"":""init""},""states"":{""require"":{},""default"":{},""init"":{""_id"":true,""Title"":true,""Acronym"":true,""Source"":true,""Rank"":true,""Note"":true,""DBLP"":true,""PrimaryFoR"":true,""Comments"":true,""AverageRating"":true,""Links"":true,""ConferenceDate"":true,""SubmissonDate"":true,""NotificationDate"":true,""createdAt"":true,""updatedAt"":true,""__v"":true,""CameraReady"":true,""Location"":true}}},""skipId"":true}",false,"{""_id"":""6639d67fb9c725a1d3ed3d73"",""Title"":""Portuguese Conference on Artificial Intelligence"",""Acronym"":""EPIA"",""Source"":""CORE2023"",""Rank"":""National: Portugal"",""Note"":""none"",""DBLP"":""view"",""PrimaryFoR"":""4602"",""Comments"":""0"",""AverageRating"":""N/A"",""Links"":[""https://epia2023.inesctec.pt/?page_id=449""],""ConferenceDate"":[{""date"":""2023-09-05T00:00:00.000Z"",""keyword"":""Conference start"",""update_time"":""2024-06-01T03:53:39.707Z""},{""date"":""2023-09-08T00:00:00.000Z"",""keyword"":""Conference end"",""update_time"":""2024-06-01T03:53:39.707Z""}],""SubmissonDate"":[{""date"":""2023-05-08T00:00:00.000Z"",""keyword"":""Paper submission deadline"",""update_time"":""2024-05-16T10:43:40.255Z""}],""NotificationDate"":[{""date"":""2023-06-05T00:00:00.000Z"",""keyword"":""Notification of paper acceptance"",""update_time"":""2024-05-16T10:43:40.255Z""}],""createdAt"":""2024-05-07T07:21:35.878Z"",""updatedAt"":""2024-06-01T03:53:39.708Z"",""__v"":0,""CameraReady"":[],""Location"":""Faial Island, Azores, Portugal""}"
"{""activePaths"":{""paths"":{""AverageRating"":""init"",""Comments"":""init"",""PrimaryFoR"":""init"",""DBLP"":""init"",""Note"":""init"",""Rank"":""init"",""Source"":""init"",""Acronym"":""init"",""Title"":""init"",""Links"":""init"",""ConferenceDate"":""init"",""SubmissonDate"":""init"",""NotificationDate"":""init"",""CameraReady"":""init"",""_id"":""init"",""createdAt"":""init"",""updatedAt"":""init"",""__v"":""init"",""Location"":""init""},""states"":{""require"":{},""default"":{},""init"":{""_id"":true,""Title"":true,""Acronym"":true,""Source"":true,""Rank"":true,""Note"":true,""DBLP"":true,""PrimaryFoR"":true,""Comments"":true,""AverageRating"":true,""Links"":true,""ConferenceDate"":true,""SubmissonDate"":true,""NotificationDate"":true,""createdAt"":true,""updatedAt"":true,""__v"":true,""CameraReady"":true,""Location"":true}}},""skipId"":true}",false,"{""_id"":""6639d69fb9c725a1d3ed3d8f"",""Title"":""SGAI International Conference on Artificial Intelligence"",""Acronym"":""SGAI"",""Source"":""CORE2023"",""Rank"":""National: UK"",""Note"":""none"",""DBLP"":""view"",""PrimaryFoR"":""4602"",""Comments"":""0"",""AverageRating"":""N/A"",""Links"":[""http://www.bcs-sgai.org/ai2023/""],""ConferenceDate"":[{""date"":""2023-12-12T00:00:00.000Z"",""keyword"":""Conference start"",""update_time"":""2024-06-01T03:54:00.706Z""},{""date"":""2023-12-14T00:00:00.000Z"",""keyword"":""Conference end"",""update_time"":""2024-06-01T03:54:00.706Z""}],""SubmissonDate"":[{""date"":""2024-06-30T00:00:00.000Z"",""keyword"":""Paper Submission"",""update_time"":""2024-05-16T10:44:48.764Z""}],""NotificationDate"":[{""date"":""2024-07-31T00:00:00.000Z"",""keyword"":""Notification of Acceptance"",""update_time"":""2024-05-16T10:44:48.764Z""}],""createdAt"":""2024-05-07T07:22:07.163Z"",""updatedAt"":""2024-06-01T03:54:00.706Z"",""__v"":0,""CameraReady"":[],""Location"":""Cambridge, UK""}"
"{""activePaths"":{""paths"":{""AverageRating"":""init"",""Comments"":""init"",""PrimaryFoR"":""init"",""DBLP"":""init"",""Note"":""init"",""Rank"":""init"",""Source"":""init"",""Acronym"":""init"",""Title"":""init"",""Links"":""init"",""ConferenceDate"":""init"",""SubmissonDate"":""init"",""NotificationDate"":""init"",""CameraReady"":""init"",""_id"":""init"",""createdAt"":""init"",""updatedAt"":""init"",""__v"":""init""},""states"":{""require"":{},""default"":{},""init"":{""_id"":true,""Title"":true,""Acronym"":true,""Source"":true,""Rank"":true,""Note"":true,""DBLP"":true,""PrimaryFoR"":true,""Comments"":true,""AverageRating"":true,""Links"":true,""ConferenceDate"":true,""SubmissonDate"":true,""NotificationDate"":true,""createdAt"":true,""updatedAt"":true,""__v"":true,""CameraReady"":true}}},""skipId"":true}",false,"{""_id"":""6639d6a1b9c725a1d3ed3d91"",""Title"":""SIAM Conference on Discrete Mathematics"",""Acronym"":""DM"",""Source"":""CORE2023"",""Rank"":""C"",""Note"":""none"",""DBLP"":""none"",""PrimaryFoR"":""4613"",""Comments"":""0"",""AverageRating"":""N/A"",""Links"":[""https://ict-dm2023.inria.fr/call_for_papers.html""],""ConferenceDate"":[{""date"":""2024-04-30T00:00:00.000Z"",""keyword"":""Dates"",""update_time"":""2024-05-16T10:44:56.896Z""}],""SubmissonDate"":[{""date"":""2024-04-30T00:00:00.000Z"",""keyword"":""Short paper submission"",""update_time"":""2024-05-16T10:44:56.896Z""},{""date"":""2024-04-30T00:00:00.000Z"",""keyword"":""submission deadline"",""update_time"":""2024-05-16T10:44:56.896Z""},{""date"":""2024-04-30T00:00:00.000Z"",""keyword"":""Abstract"",""update_time"":""2024-05-16T10:44:56.896Z""}],""NotificationDate"":[{""date"":""2024-06-30T00:00:00.000Z"",""keyword"":""Acceptance notification"",""update_time"":""2024-05-16T10:44:56.896Z""}],""createdAt"":""2024-05-07T07:22:09.304Z"",""updatedAt"":""2024-05-16T10:44:56.911Z"",""__v"":0,""CameraReady"":[]}"
"{""activePaths"":{""paths"":{""AverageRating"":""init"",""Comments"":""init"",""PrimaryFoR"":""init"",""DBLP"":""init"",""Note"":""init"",""Rank"":""init"",""Source"":""init"",""Acronym"":""init"",""Title"":""init"",""Links"":""init"",""ConferenceDate"":""init"",""SubmissonDate"":""init"",""NotificationDate"":""init"",""CameraReady"":""init"",""_id"":""init"",""createdAt"":""init"",""updatedAt"":""init"",""__v"":""init"",""Location"":""init""},""states"":{""require"":{},""default"":{},""init"":{""_id"":true,""Title"":true,""Acronym"":true,""Source"":true,""Rank"":true,""Note"":true,""DBLP"":true,""PrimaryFoR"":true,""Comments"":true,""AverageRating"":true,""Links"":true,""ConferenceDate"":true,""SubmissonDate"":true,""NotificationDate"":true,""createdAt"":true,""updatedAt"":true,""__v"":true,""CameraReady"":true,""Location"":true}}},""skipId"":true}",false,"{""_id"":""6639d6c7b9c725a1d3ed3db7"",""Title"":""Symposium on Networked Systems, Design and Implementation"",""Acronym"":""NSDI"",""Source"":""CORE2023"",""Rank"":""National: USA"",""Note"":""none"",""DBLP"":""view"",""PrimaryFoR"":""4606"",""Comments"":""8"",""AverageRating"":""5"",""Links"":[""https://www.usenix.org/conference/nsdi23/call-for-papers""],""ConferenceDate"":[{""date"":""2023-04-17T00:00:00.000Z"",""keyword"":""Conference start"",""update_time"":""2024-06-01T03:54:32.303Z""},{""date"":""2023-04-19T00:00:00.000Z"",""keyword"":""Conference end"",""update_time"":""2024-06-01T03:54:32.303Z""}],""SubmissonDate"":[{""date"":""2022-04-20T05:59:00.000Z"",""keyword"":""Full paper submissions due"",""update_time"":""2024-05-16T10:46:40.145Z""},{""date"":""2022-04-13T05:59:00.000Z"",""keyword"":""abstracts due"",""update_time"":""2024-05-16T10:46:40.146Z""},{""date"":""2024-04-30T00:00:00.000Z"",""keyword"":""Deadline"",""update_time"":""2024-05-16T10:46:40.146Z""}],""NotificationDate"":[{""date"":""2022-07-15T00:00:00.000Z"",""keyword"":""Notification to authors"",""update_time"":""2024-05-16T10:46:40.147Z""}],""createdAt"":""2024-05-07T07:22:47.580Z"",""updatedAt"":""2024-06-01T03:54:32.304Z"",""__v"":0,""CameraReady"":[],""Location"":""Boston, MA, USA""}"
"{""activePaths"":{""paths"":{""AverageRating"":""init"",""Comments"":""init"",""PrimaryFoR"":""init"",""DBLP"":""init"",""Note"":""init"",""Rank"":""init"",""Source"":""init"",""Acronym"":""init"",""Title"":""init"",""Links"":""init"",""ConferenceDate"":""init"",""SubmissonDate"":""init"",""NotificationDate"":""init"",""CameraReady"":""init"",""_id"":""init"",""createdAt"":""init"",""updatedAt"":""init"",""__v"":""init"",""Location"":""init""},""states"":{""require"":{},""default"":{},""init"":{""_id"":true,""Title"":true,""Acronym"":true,""Source"":true,""Rank"":true,""Note"":true,""DBLP"":true,""PrimaryFoR"":true,""Comments"":true,""AverageRating"":true,""Links"":true,""createdAt"":true,""updatedAt"":true,""__v"":true,""ConferenceDate"":true,""NotificationDate"":true,""SubmissonDate"":true,""CameraReady"":true,""Location"":true}}},""skipId"":true}",false,"{""_id"":""6639d6cdb9c725a1d3ed3dbd"",""Title"":""Symposium on Stabilization, Safety, and Security of Distributed Systems"",""Acronym"":""SSS"",""Source"":""CORE2023"",""Rank"":""C"",""Note"":""none"",""DBLP"":""view"",""PrimaryFoR"":""4604"",""Comments"":""0"",""AverageRating"":""N/A"",""Links"":[""https://www.stabilizationsafetysecurity2023.com/call-for-papers""],""createdAt"":""2024-05-07T07:22:53.278Z"",""updatedAt"":""2024-06-01T04:29:23.426Z"",""__v"":0,""ConferenceDate"":[{""date"":""2023-10-02T00:00:00.000Z"",""keyword"":""Conference start"",""update_time"":""2024-06-01T04:29:23.425Z""},{""date"":""2023-10-04T00:00:00.000Z"",""keyword"":""Conference end"",""update_time"":""2024-06-01T04:29:23.425Z""}],""NotificationDate"":[{""date"":""2023-05-11T00:00:00.000Z"",""keyword"":""Acceptance Notification"",""update_time"":""2024-05-16T13:32:27.725Z""}],""SubmissonDate"":[{""date"":""2023-04-06T00:00:00.000Z"",""keyword"":""Paper Submission"",""update_time"":""2024-05-16T13:32:27.724Z""},{""date"":""2023-04-06T00:00:00.000Z"",""keyword"":""Deadline"",""update_time"":""2024-05-16T13:32:27.724Z""}],""CameraReady"":[],""Location"":""Jersey City, NJ, USA""}"
"{""activePaths"":{""paths"":{""AverageRating"":""init"",""Comments"":""init"",""PrimaryFoR"":""init"",""DBLP"":""init"",""Note"":""init"",""Rank"":""init"",""Source"":""init"",""Acronym"":""init"",""Title"":""init"",""Links"":""init"",""ConferenceDate"":""init"",""SubmissonDate"":""init"",""NotificationDate"":""init"",""CameraReady"":""init"",""_id"":""init"",""createdAt"":""init"",""updatedAt"":""init"",""__v"":""init"",""Location"":""init""},""states"":{""require"":{},""default"":{},""init"":{""_id"":true,""Title"":true,""Acronym"":true,""Source"":true,""Rank"":true,""Note"":true,""DBLP"":true,""PrimaryFoR"":true,""Comments"":true,""AverageRating"":true,""Links"":true,""ConferenceDate"":true,""SubmissonDate"":true,""NotificationDate"":true,""createdAt"":true,""updatedAt"":true,""__v"":true,""CameraReady"":true,""Location"":true}}},""skipId"":true}",false,"{""_id"":""6639d6fdb9c725a1d3ed3de7"",""Title"":""Verification, Model Checking and Abstract Interpretation"",""Acronym"":""VMCAI"",""Source"":""CORE2023"",""Rank"":""B"",""Note"":""none"",""DBLP"":""view"",""PrimaryFoR"":""4612"",""Comments"":""0"",""AverageRating"":""N/A"",""Links"":[""https://popl23.sigplan.org/home/VMCAI-2023""],""ConferenceDate"":[{""date"":""2023-01-16T00:00:00.000Z"",""keyword"":""Conference start"",""update_time"":""2024-06-01T03:55:54.327Z""},{""date"":""2023-01-17T00:00:00.000Z"",""keyword"":""Conference end"",""update_time"":""2024-06-01T03:55:54.327Z""}],""SubmissonDate"":[{""date"":""2022-09-15T00:00:00.000Z"",""keyword"":""Paper submission deadline"",""update_time"":""2024-05-16T10:49:18.953Z""},{""date"":""2023-12-31T00:00:00.000Z"",""keyword"":""Abstract"",""update_time"":""2024-05-16T10:49:18.954Z""}],""NotificationDate"":[{""date"":""2022-10-20T00:00:00.000Z"",""keyword"":""Notification"",""update_time"":""2024-05-16T10:49:18.955Z""}],""createdAt"":""2024-05-07T07:23:41.668Z"",""updatedAt"":""2024-06-01T03:55:54.327Z"",""__v"":0,""CameraReady"":[],""Location"":""Boston, MA, USA""}"
"{""activePaths"":{""paths"":{""AverageRating"":""init"",""Comments"":""init"",""PrimaryFoR"":""init"",""DBLP"":""init"",""Note"":""init"",""Rank"":""init"",""Source"":""init"",""Acronym"":""init"",""Title"":""init"",""Links"":""init"",""ConferenceDate"":""init"",""SubmissonDate"":""init"",""NotificationDate"":""init"",""CameraReady"":""init"",""_id"":""init"",""createdAt"":""init"",""updatedAt"":""init"",""__v"":""init""},""states"":{""require"":{},""default"":{},""init"":{""_id"":true,""Title"":true,""Acronym"":true,""Source"":true,""Rank"":true,""Note"":true,""DBLP"":true,""PrimaryFoR"":true,""Comments"":true,""AverageRating"":true,""Links"":true,""ConferenceDate"":true,""SubmissonDate"":true,""NotificationDate"":true,""createdAt"":true,""updatedAt"":true,""__v"":true,""CameraReady"":true}}},""skipId"":true}",false,"{""_id"":""6639d6ffb9c725a1d3ed3de9"",""Title"":""Visual Analytics"",""Acronym"":""EuroVA"",""Source"":""CORE2023"",""Rank"":""C"",""Note"":""none"",""DBLP"":""none"",""PrimaryFoR"":""4608"",""Comments"":""0"",""AverageRating"":""N/A"",""Links"":[""https://www.eurova.org/eurova-2022/cfp""],""ConferenceDate"":[{""date"":""2022-06-13T00:00:00.000Z"",""keyword"":""Workshop"",""update_time"":""2024-05-16T10:51:47.342Z""}],""SubmissonDate"":[{""date"":""2022-02-27T00:00:00.000Z"",""keyword"":""Submission Deadline"",""update_time"":""2024-05-16T10:51:47.342Z""}],""NotificationDate"":[{""date"":""2022-04-13T00:00:00.000Z"",""keyword"":""Notification"",""update_time"":""2024-05-16T10:51:47.342Z""}],""createdAt"":""2024-05-07T07:23:43.518Z"",""updatedAt"":""2024-05-16T10:51:47.359Z"",""__v"":0,""CameraReady"":[]}"
"{""activePaths"":{""paths"":{""AverageRating"":""init"",""Comments"":""init"",""PrimaryFoR"":""init"",""DBLP"":""init"",""Note"":""init"",""Rank"":""init"",""Source"":""init"",""Acronym"":""init"",""Title"":""init"",""Links"":""init"",""ConferenceDate"":""init"",""SubmissonDate"":""init"",""NotificationDate"":""init"",""CameraReady"":""init"",""_id"":""init"",""createdAt"":""init"",""updatedAt"":""init"",""__v"":""init""},""states"":{""require"":{},""default"":{},""init"":{""_id"":true,""Title"":true,""Acronym"":true,""Source"":true,""Rank"":true,""Note"":true,""DBLP"":true,""PrimaryFoR"":true,""Comments"":true,""AverageRating"":true,""Links"":true,""createdAt"":true,""updatedAt"":true,""__v"":true,""ConferenceDate"":true,""NotificationDate"":true,""SubmissonDate"":true,""CameraReady"":true}}},""skipId"":true}",false,"{""_id"":""6639d723b9c725a1d3ed3e0b"",""Title"":""Workshop on Cryptographic Hardware and Embedded Systems"",""Acronym"":""CHES"",""Source"":""CORE2023"",""Rank"":""A"",""Note"":""none"",""DBLP"":""view"",""PrimaryFoR"":""4604"",""Comments"":""6"",""AverageRating"":""5"",""Links"":[""https://ches.iacr.org/2023/callforpapers.php""],""createdAt"":""2024-05-07T07:24:19.168Z"",""updatedAt"":""2024-05-16T12:35:22.100Z"",""__v"":0,""ConferenceDate"":[{""date"":""2024-08-31T00:00:00.000Z"",""keyword"":""conference"",""update_time"":""2024-05-16T12:35:22.085Z""},{""date"":""2024-08-31T00:00:00.000Z"",""keyword"":""take place"",""update_time"":""2024-05-16T12:35:22.085Z""},{""date"":""2023-09-10T00:00:00.000Z"",""keyword"":""Date"",""update_time"":""2024-05-16T12:35:22.085Z""}],""NotificationDate"":[],""SubmissonDate"":[{""date"":""2024-04-30T00:00:00.000Z"",""keyword"":""Submit"",""update_time"":""2024-05-16T12:35:22.084Z""}],""CameraReady"":[]}"
"{""activePaths"":{""paths"":{""AverageRating"":""init"",""Comments"":""init"",""PrimaryFoR"":""init"",""DBLP"":""init"",""Note"":""init"",""Rank"":""init"",""Source"":""init"",""Acronym"":""init"",""Title"":""init"",""Links"":""init"",""ConferenceDate"":""init"",""SubmissonDate"":""init"",""NotificationDate"":""init"",""CameraReady"":""init"",""_id"":""init"",""createdAt"":""init"",""updatedAt"":""init"",""__v"":""init""},""states"":{""require"":{},""default"":{},""init"":{""_id"":true,""Title"":true,""Acronym"":true,""Source"":true,""Rank"":true,""Note"":true,""DBLP"":true,""PrimaryFoR"":true,""Comments"":true,""AverageRating"":true,""Links"":true,""createdAt"":true,""updatedAt"":true,""__v"":true,""ConferenceDate"":true,""NotificationDate"":true,""SubmissonDate"":true,""CameraReady"":true}}},""skipId"":true}",false,"{""_id"":""6639d735b9c725a1d3ed3e1d"",""Title"":""World Conference on Educational Multimedia, Hypermedia and Telecommunications"",""Acronym"":""ED-MEDIA"",""Source"":""CORE2023"",""Rank"":""C"",""Note"":""See note"",""DBLP"":""none"",""PrimaryFoR"":""4601"",""Comments"":""1"",""AverageRating"":""4"",""Links"":[""https://aace.org/conf/edmedia/call/""],""createdAt"":""2024-05-07T07:24:37.525Z"",""updatedAt"":""2024-05-16T12:35:42.010Z"",""__v"":0,""ConferenceDate"":[{""date"":""2024-03-31T00:00:00.000Z"",""keyword"":""conference"",""update_time"":""2024-05-16T12:35:41.998Z""}],""NotificationDate"":[],""SubmissonDate"":[{""date"":""2024-05-22T00:00:00.000Z"",""keyword"":""Submission"",""update_time"":""2024-05-16T12:35:41.996Z""}],""CameraReady"":[]}"